condition,sketchLabel,Target,Distractor1,Distractor2,Distractor3
further,97868839a2f3_1,redsport_0011,crow_0011,pug_0011,squat_0011
further,97868839a2f3_3,waiting_0008,basset_0008,bluesedan_0008,sparrow_0008
further,97868839a2f3_5,bluesport_0016,chihuahua_0016,straight_0016,tomtit_0016
further,97868839a2f3_6,straight_0004,bluesport_0004,chihuahua_0004,tomtit_0004
further,97868839a2f3_7,inlay_0010,cuckoo_0010,redantique_0010,weimaraner_0010
further,97868839a2f3_9,weimaraner_0037,cuckoo_0037,inlay_0037,redantique_0037
further,97868839a2f3_10,redantique_0013,cuckoo_0013,inlay_0013,weimaraner_0013
further,97868839a2f3_13,bluesedan_0005,basset_0005,sparrow_0005,waiting_0005
further,97868839a2f3_14,pug_0020,crow_0020,redsport_0020,squat_0020
further,97868839a2f3_15,basset_0017,bluesedan_0017,sparrow_0017,waiting_0017
further,97868839a2f3_17,cuckoo_0034,inlay_0034,redantique_0034,weimaraner_0034
further,97868839a2f3_20,chihuahua_0021,bluesport_0021,straight_0021,tomtit_0021
further,97868839a2f3_23,tomtit_0002,bluesport_0002,chihuahua_0002,straight_0002
further,97868839a2f3_27,squat_0031,crow_0031,pug_0031,redsport_0031
further,97868839a2f3_31,sparrow_0001,basset_0001,bluesedan_0001,waiting_0001
further,97868839a2f3_32,crow_0006,pug_0006,redsport_0006,squat_0006
further,b2cf74f15b98_1,bluejay_0038,brown_0038,goldenretriever_0038,knob_0038
further,b2cf74f15b98_2,straight_0003,doberman_0003,sparrow_0003,white_0003
further,b2cf74f15b98_3,bullmastiff_0010,crow_0010,inlay_0010,redsport_0010
further,b2cf74f15b98_5,redsport_0007,bullmastiff_0007,crow_0007,inlay_0007
further,b2cf74f15b98_6,knob_0025,bluejay_0025,brown_0025,goldenretriever_0025
further,b2cf74f15b98_8,goldenretriever_0018,bluejay_0018,brown_0018,knob_0018
further,b2cf74f15b98_10,crow_0005,bullmastiff_0005,inlay_0005,redsport_0005
further,b2cf74f15b98_16,cuckoo_0037,bloodhound_0037,redantique_0037,waiting_0037
further,b2cf74f15b98_17,waiting_0030,bloodhound_0030,cuckoo_0030,redantique_0030
further,b2cf74f15b98_19,inlay_0001,bullmastiff_0001,crow_0001,redsport_0001
further,b2cf74f15b98_20,brown_0019,bluejay_0019,goldenretriever_0019,knob_0019
further,b2cf74f15b98_23,doberman_0023,sparrow_0023,straight_0023,white_0023
further,b2cf74f15b98_27,sparrow_0032,doberman_0032,straight_0032,white_0032
further,b2cf74f15b98_28,bloodhound_0022,cuckoo_0022,redantique_0022,waiting_0022
further,b2cf74f15b98_29,redantique_0035,bloodhound_0035,cuckoo_0035,waiting_0035
further,b2cf74f15b98_32,white_0034,doberman_0034,sparrow_0034,straight_0034
further,e259368664ec_2,woven_0024,bluesedan_0024,crow_0024,pug_0024
further,e259368664ec_3,beetle_0016,chihuahua_0016,nightingale_0016,squat_0016
further,e259368664ec_11,crow_0022,bluesedan_0022,pug_0022,woven_0022
further,e259368664ec_14,bluesedan_0035,crow_0035,pug_0035,woven_0035
further,e259368664ec_15,squat_0008,beetle_0008,chihuahua_0008,nightingale_0008
further,e259368664ec_16,nightingale_0036,beetle_0036,chihuahua_0036,squat_0036
further,e259368664ec_17,chihuahua_0029,beetle_0029,nightingale_0029,squat_0029
further,e259368664ec_19,knob_0009,doberman_0009,hatchback_0009,pigeon_0009
further,e259368664ec_20,doberman_0019,hatchback_0019,knob_0019,pigeon_0019
further,e259368664ec_22,straight_0030,bluejay_0030,bluesport_0030,weimaraner_0030
further,e259368664ec_24,weimaraner_0028,bluejay_0028,bluesport_0028,straight_0028
further,e259368664ec_27,bluejay_0012,bluesport_0012,straight_0012,weimaraner_0012
further,e259368664ec_28,bluesport_0034,bluejay_0034,straight_0034,weimaraner_0034
further,e259368664ec_29,pigeon_0018,doberman_0018,hatchback_0018,knob_0018
further,e259368664ec_30,pug_0003,bluesedan_0003,crow_0003,woven_0003
further,e259368664ec_31,hatchback_0026,doberman_0026,knob_0026,pigeon_0026
further,6cd048a8a033_2,straight_0037,bloodhound_0037,bluesport_0037,cuckoo_0037
further,6cd048a8a033_5,chihuahua_0033,redsport_0033,robin_0033,sling_0033
further,6cd048a8a033_7,robin_0008,chihuahua_0008,redsport_0008,sling_0008
further,6cd048a8a033_10,inlay_0034,pug_0034,sparrow_0034,white_0034
further,6cd048a8a033_11,redsport_0010,chihuahua_0010,robin_0010,sling_0010
further,6cd048a8a033_13,bloodhound_0025,bluesport_0025,cuckoo_0025,straight_0025
further,6cd048a8a033_16,squat_0019,basset_0019,beetle_0019,bluejay_0019
further,6cd048a8a033_18,beetle_0004,basset_0004,bluejay_0004,squat_0004
further,6cd048a8a033_19,pug_0020,inlay_0020,sparrow_0020,white_0020
further,6cd048a8a033_21,bluejay_0016,basset_0016,beetle_0016,squat_0016
further,6cd048a8a033_22,white_0035,inlay_0035,pug_0035,sparrow_0035
further,6cd048a8a033_23,cuckoo_0018,bloodhound_0018,bluesport_0018,straight_0018
further,6cd048a8a033_24,sling_0032,chihuahua_0032,redsport_0032,robin_0032
further,6cd048a8a033_26,bluesport_0021,bloodhound_0021,cuckoo_0021,straight_0021
further,6cd048a8a033_27,basset_0029,beetle_0029,bluejay_0029,squat_0029
further,6cd048a8a033_31,sparrow_0028,inlay_0028,pug_0028,white_0028
further,e4b733ceb6a7_1,sling_0012,basset_0012,bluesport_0012,tomtit_0012
further,e4b733ceb6a7_2,bullmastiff_0020,redantique_0020,sparrow_0020,straight_0020
further,e4b733ceb6a7_3,bluesedan_0024,cuckoo_0024,goldenretriever_0024,inlay_0024
further,e4b733ceb6a7_6,bluesport_0005,basset_0005,sling_0005,tomtit_0005
further,e4b733ceb6a7_8,cuckoo_0017,bluesedan_0017,goldenretriever_0017,inlay_0017
further,e4b733ceb6a7_13,white_0002,chihuahua_0002,pigeon_0002,waiting_0002
further,e4b733ceb6a7_14,inlay_0023,bluesedan_0023,cuckoo_0023,goldenretriever_0023
further,e4b733ceb6a7_15,straight_0033,bullmastiff_0033,redantique_0033,sparrow_0033
further,e4b733ceb6a7_18,sparrow_0034,bullmastiff_0034,redantique_0034,straight_0034
further,e4b733ceb6a7_19,basset_0004,bluesport_0004,sling_0004,tomtit_0004
further,e4b733ceb6a7_21,tomtit_0025,basset_0025,bluesport_0025,sling_0025
further,e4b733ceb6a7_24,waiting_0019,chihuahua_0019,pigeon_0019,white_0019
further,e4b733ceb6a7_26,redantique_0021,bullmastiff_0021,sparrow_0021,straight_0021
further,e4b733ceb6a7_27,chihuahua_0027,pigeon_0027,waiting_0027,white_0027
further,e4b733ceb6a7_31,goldenretriever_0037,bluesedan_0037,cuckoo_0037,inlay_0037
further,e4b733ceb6a7_32,pigeon_0026,chihuahua_0026,waiting_0026,white_0026
further,9e97a0613616_1,doberman_0039,bluesport_0039,sling_0039,tomtit_0039
further,9e97a0613616_3,bloodhound_0037,bluejay_0037,brown_0037,inlay_0037
further,9e97a0613616_5,inlay_0038,bloodhound_0038,bluejay_0038,brown_0038
further,9e97a0613616_6,bluesedan_0020,nightingale_0020,weimaraner_0020,woven_0020
further,9e97a0613616_8,weimaraner_0011,bluesedan_0011,nightingale_0011,woven_0011
further,9e97a0613616_10,nightingale_0013,bluesedan_0013,weimaraner_0013,woven_0013
further,9e97a0613616_11,sling_0017,bluesport_0017,doberman_0017,tomtit_0017
further,9e97a0613616_12,bluejay_0030,bloodhound_0030,brown_0030,inlay_0030
further,9e97a0613616_15,woven_0006,bluesedan_0006,nightingale_0006,weimaraner_0006
further,9e97a0613616_17,chihuahua_0027,hatchback_0027,sparrow_0027,straight_0027
further,9e97a0613616_18,bluesport_0016,doberman_0016,sling_0016,tomtit_0016
further,9e97a0613616_20,sparrow_0031,chihuahua_0031,hatchback_0031,straight_0031
further,9e97a0613616_21,brown_0019,bloodhound_0019,bluejay_0019,inlay_0019
further,9e97a0613616_22,straight_0004,chihuahua_0004,hatchback_0004,sparrow_0004
further,9e97a0613616_25,hatchback_0034,chihuahua_0034,sparrow_0034,straight_0034
further,9e97a0613616_32,tomtit_0005,bluesport_0005,doberman_0005,sling_0005
further,e9293354ea19_1,beetle_0009,bloodhound_0009,crow_0009,knob_0009
further,e9293354ea19_3,nightingale_0010,brown_0010,goldenretriever_0010,straight_0010
further,e9293354ea19_5,cuckoo_0017,bluesedan_0017,inlay_0017,weimaraner_0017
further,e9293354ea19_6,crow_0035,beetle_0035,bloodhound_0035,knob_0035
further,e9293354ea19_7,woven_0021,doberman_0021,sparrow_0021,white_0021
further,e9293354ea19_9,brown_0013,goldenretriever_0013,nightingale_0013,straight_0013
further,e9293354ea19_10,bloodhound_0005,beetle_0005,crow_0005,knob_0005
further,e9293354ea19_11,sparrow_0025,doberman_0025,white_0025,woven_0025
further,e9293354ea19_12,bluesedan_0002,cuckoo_0002,inlay_0002,weimaraner_0002
further,e9293354ea19_15,doberman_0003,sparrow_0003,white_0003,woven_0003
further,e9293354ea19_19,goldenretriever_0011,brown_0011,nightingale_0011,straight_0011
further,e9293354ea19_20,knob_0032,beetle_0032,bloodhound_0032,crow_0032
further,e9293354ea19_21,white_0012,doberman_0012,sparrow_0012,woven_0012
further,e9293354ea19_22,weimaraner_0038,bluesedan_0038,cuckoo_0038,inlay_0038
further,e9293354ea19_28,straight_0007,brown_0007,goldenretriever_0007,nightingale_0007
further,e9293354ea19_31,inlay_0015,bluesedan_0015,cuckoo_0015,weimaraner_0015
further,0f0dec886711_2,chihuahua_0003,beetle_0003,bluejay_0003,woven_0003
further,0f0dec886711_3,redsport_0027,bloodhound_0027,leather_0027,pigeon_0027
further,0f0dec886711_4,redantique_0002,doberman_0002,nightingale_0002,squat_0002
further,0f0dec886711_5,squat_0037,doberman_0037,nightingale_0037,redantique_0037
further,0f0dec886711_6,bluejay_0015,beetle_0015,chihuahua_0015,woven_0015
further,0f0dec886711_10,bloodhound_0018,leather_0018,pigeon_0018,redsport_0018
further,0f0dec886711_11,woven_0017,beetle_0017,bluejay_0017,chihuahua_0017
further,0f0dec886711_12,weimaraner_0030,cuckoo_0030,waiting_0030,white_0030
further,0f0dec886711_15,doberman_0038,nightingale_0038,redantique_0038,squat_0038
further,0f0dec886711_16,white_0011,cuckoo_0011,waiting_0011,weimaraner_0011
further,0f0dec886711_17,pigeon_0009,bloodhound_0009,leather_0009,redsport_0009
further,0f0dec886711_18,nightingale_0028,doberman_0028,redantique_0028,squat_0028
further,0f0dec886711_21,leather_0026,bloodhound_0026,pigeon_0026,redsport_0026
further,0f0dec886711_23,beetle_0000,bluejay_0000,chihuahua_0000,woven_0000
further,0f0dec886711_27,cuckoo_0013,waiting_0013,weimaraner_0013,white_0013
further,0f0dec886711_30,waiting_0021,cuckoo_0021,weimaraner_0021,white_0021
further,c2ee44cd976e_1,chihuahua_0015,beetle_0015,nightingale_0015,waiting_0015
further,c2ee44cd976e_4,beetle_0033,chihuahua_0033,nightingale_0033,waiting_0033
further,c2ee44cd976e_5,nightingale_0026,beetle_0026,chihuahua_0026,waiting_0026
further,c2ee44cd976e_9,woven_0004,brown_0004,doberman_0004,tomtit_0004
further,c2ee44cd976e_14,basset_0008,inlay_0008,redantique_0008,sparrow_0008
further,c2ee44cd976e_16,sparrow_0002,basset_0002,inlay_0002,redantique_0002
further,c2ee44cd976e_17,redantique_0028,basset_0028,inlay_0028,sparrow_0028
further,c2ee44cd976e_18,squat_0003,bloodhound_0003,bluejay_0003,bluesport_0003
further,c2ee44cd976e_19,bluejay_0014,bloodhound_0014,bluesport_0014,squat_0014
further,c2ee44cd976e_20,inlay_0027,basset_0027,redantique_0027,sparrow_0027
further,c2ee44cd976e_21,bloodhound_0010,bluejay_0010,bluesport_0010,squat_0010
further,c2ee44cd976e_22,bluesport_0016,bloodhound_0016,bluejay_0016,squat_0016
further,c2ee44cd976e_23,tomtit_0007,brown_0007,doberman_0007,woven_0007
further,c2ee44cd976e_24,waiting_0031,beetle_0031,chihuahua_0031,nightingale_0031
further,c2ee44cd976e_25,doberman_0020,brown_0020,tomtit_0020,woven_0020
further,c2ee44cd976e_31,brown_0029,doberman_0029,tomtit_0029,woven_0029
further,cd651eab81ab_2,beetle_0020,bluejay_0020,pug_0020,woven_0020
further,cd651eab81ab_5,waiting_0017,basset_0017,hatchback_0017,pigeon_0017
further,cd651eab81ab_8,sling_0004,brown_0004,goldenretriever_0004,sparrow_0004
further,cd651eab81ab_9,hatchback_0000,basset_0000,pigeon_0000,waiting_0000
further,cd651eab81ab_15,bloodhound_0031,bluesport_0031,robin_0031,squat_0031
further,cd651eab81ab_16,bluesport_0006,bloodhound_0006,robin_0006,squat_0006
further,cd651eab81ab_19,robin_0026,bloodhound_0026,bluesport_0026,squat_0026
further,cd651eab81ab_20,bluejay_0029,beetle_0029,pug_0029,woven_0029
further,cd651eab81ab_23,goldenretriever_0002,brown_0002,sling_0002,sparrow_0002
further,cd651eab81ab_24,sparrow_0033,brown_0033,goldenretriever_0033,sling_0033
further,cd651eab81ab_25,pigeon_0025,basset_0025,hatchback_0025,waiting_0025
further,cd651eab81ab_26,basset_0011,hatchback_0011,pigeon_0011,waiting_0011
further,cd651eab81ab_27,pug_0023,beetle_0023,bluejay_0023,woven_0023
further,cd651eab81ab_30,brown_0008,goldenretriever_0008,sling_0008,sparrow_0008
further,cd651eab81ab_31,squat_0012,bloodhound_0012,bluesport_0012,robin_0012
further,cd651eab81ab_32,woven_0032,beetle_0032,bluejay_0032,pug_0032
further,4954f989b06b_1,basset_0039,cuckoo_0039,squat_0039,white_0039
further,4954f989b06b_6,redantique_0003,crow_0003,weimaraner_0003,woven_0003
further,4954f989b06b_7,robin_0008,bluesedan_0008,leather_0008,pug_0008
further,4954f989b06b_9,straight_0017,bluesport_0017,goldenretriever_0017,nightingale_0017
further,4954f989b06b_12,bluesedan_0033,leather_0033,pug_0033,robin_0033
further,4954f989b06b_13,white_0029,basset_0029,cuckoo_0029,squat_0029
further,4954f989b06b_15,cuckoo_0037,basset_0037,squat_0037,white_0037
further,4954f989b06b_17,leather_0026,bluesedan_0026,pug_0026,robin_0026
further,4954f989b06b_18,squat_0001,basset_0001,cuckoo_0001,white_0001
further,4954f989b06b_22,bluesport_0021,goldenretriever_0021,nightingale_0021,straight_0021
further,4954f989b06b_23,pug_0023,bluesedan_0023,leather_0023,robin_0023
further,4954f989b06b_25,woven_0015,crow_0015,redantique_0015,weimaraner_0015
further,4954f989b06b_26,crow_0028,redantique_0028,weimaraner_0028,woven_0028
further,4954f989b06b_27,nightingale_0035,bluesport_0035,goldenretriever_0035,straight_0035
further,4954f989b06b_28,weimaraner_0010,crow_0010,redantique_0010,woven_0010
further,4954f989b06b_31,goldenretriever_0007,bluesport_0007,nightingale_0007,straight_0007
further,5f4c9a0ef09a_5,sparrow_0020,bloodhound_0020,hatchback_0020,waiting_0020
further,5f4c9a0ef09a_6,cuckoo_0006,bluesport_0006,sling_0006,weimaraner_0006
further,5f4c9a0ef09a_7,crow_0023,basset_0023,redantique_0023,woven_0023
further,5f4c9a0ef09a_9,knob_0035,brown_0035,goldenretriever_0035,tomtit_0035
further,5f4c9a0ef09a_10,woven_0004,basset_0004,crow_0004,redantique_0004
further,5f4c9a0ef09a_12,redantique_0009,basset_0009,crow_0009,woven_0009
further,5f4c9a0ef09a_13,weimaraner_0030,bluesport_0030,cuckoo_0030,sling_0030
further,5f4c9a0ef09a_15,waiting_0028,bloodhound_0028,hatchback_0028,sparrow_0028
further,5f4c9a0ef09a_17,brown_0025,goldenretriever_0025,knob_0025,tomtit_0025
further,5f4c9a0ef09a_18,bloodhound_0016,hatchback_0016,sparrow_0016,waiting_0016
further,5f4c9a0ef09a_22,goldenretriever_0019,brown_0019,knob_0019,tomtit_0019
further,5f4c9a0ef09a_23,tomtit_0033,brown_0033,goldenretriever_0033,knob_0033
further,5f4c9a0ef09a_24,sling_0008,bluesport_0008,cuckoo_0008,weimaraner_0008
further,5f4c9a0ef09a_27,hatchback_0000,bloodhound_0000,sparrow_0000,waiting_0000
further,5f4c9a0ef09a_29,basset_0032,crow_0032,redantique_0032,woven_0032
further,5f4c9a0ef09a_30,bluesport_0021,cuckoo_0021,sling_0021,weimaraner_0021
further,11524bcc9bf6_3,bluejay_0011,bloodhound_0011,brown_0011,waiting_0011
further,11524bcc9bf6_4,redsport_0023,basset_0023,crow_0023,straight_0023
further,11524bcc9bf6_5,woven_0001,bullmastiff_0001,pigeon_0001,white_0001
further,11524bcc9bf6_7,white_0036,bullmastiff_0036,pigeon_0036,woven_0036
further,11524bcc9bf6_8,straight_0005,basset_0005,crow_0005,redsport_0005
further,11524bcc9bf6_11,bloodhound_0019,bluejay_0019,brown_0019,waiting_0019
further,11524bcc9bf6_12,waiting_0037,bloodhound_0037,bluejay_0037,brown_0037
further,11524bcc9bf6_15,tomtit_0038,doberman_0038,redantique_0038,sling_0038
further,11524bcc9bf6_19,crow_0004,basset_0004,redsport_0004,straight_0004
further,11524bcc9bf6_20,basset_0030,crow_0030,redsport_0030,straight_0030
further,11524bcc9bf6_21,pigeon_0010,bullmastiff_0010,white_0010,woven_0010
further,11524bcc9bf6_23,sling_0026,doberman_0026,redantique_0026,tomtit_0026
further,11524bcc9bf6_24,bullmastiff_0017,pigeon_0017,white_0017,woven_0017
further,11524bcc9bf6_25,doberman_0016,redantique_0016,sling_0016,tomtit_0016
further,11524bcc9bf6_29,brown_0007,bloodhound_0007,bluejay_0007,waiting_0007
further,11524bcc9bf6_30,redantique_0027,doberman_0027,sling_0027,tomtit_0027
further,db09ec862568_2,redsport_0024,bullmastiff_0024,crow_0024,inlay_0024
further,db09ec862568_3,inlay_0010,bullmastiff_0010,crow_0010,redsport_0010
further,db09ec862568_9,waiting_0036,basset_0036,tomtit_0036,white_0036
further,db09ec862568_10,tomtit_0015,basset_0015,waiting_0015,white_0015
further,db09ec862568_11,weimaraner_0007,brown_0007,robin_0007,sling_0007
further,db09ec862568_13,white_0025,basset_0025,tomtit_0025,waiting_0025
further,db09ec862568_16,bluesedan_0012,doberman_0012,leather_0012,sparrow_0012
further,db09ec862568_17,basset_0021,tomtit_0021,waiting_0021,white_0021
further,db09ec862568_19,sparrow_0017,bluesedan_0017,doberman_0017,leather_0017
further,db09ec862568_21,leather_0000,bluesedan_0000,doberman_0000,sparrow_0000
further,db09ec862568_22,brown_0013,robin_0013,sling_0013,weimaraner_0013
further,db09ec862568_26,doberman_0031,bluesedan_0031,leather_0031,sparrow_0031
further,db09ec862568_27,sling_0011,brown_0011,robin_0011,weimaraner_0011
further,db09ec862568_29,crow_0005,bullmastiff_0005,inlay_0005,redsport_0005
further,db09ec862568_31,robin_0022,brown_0022,sling_0022,weimaraner_0022
further,db09ec862568_32,bullmastiff_0026,crow_0026,inlay_0026,redsport_0026
further,598e831e3427_2,weimaraner_0031,bluejay_0031,inlay_0031,redantique_0031
further,598e831e3427_3,hatchback_0004,chihuahua_0004,straight_0004,tomtit_0004
further,598e831e3427_4,tomtit_0026,chihuahua_0026,hatchback_0026,straight_0026
further,598e831e3427_6,inlay_0020,bluejay_0020,redantique_0020,weimaraner_0020
further,598e831e3427_10,straight_0029,chihuahua_0029,hatchback_0029,tomtit_0029
further,598e831e3427_13,cuckoo_0024,bluesedan_0024,goldenretriever_0024,knob_0024
further,598e831e3427_16,bloodhound_0021,beetle_0021,robin_0021,squat_0021
further,598e831e3427_17,robin_0012,beetle_0012,bloodhound_0012,squat_0012
further,598e831e3427_18,chihuahua_0037,hatchback_0037,straight_0037,tomtit_0037
further,598e831e3427_19,goldenretriever_0027,bluesedan_0027,cuckoo_0027,knob_0027
further,598e831e3427_22,knob_0011,bluesedan_0011,cuckoo_0011,goldenretriever_0011
further,598e831e3427_23,bluejay_0005,inlay_0005,redantique_0005,weimaraner_0005
further,598e831e3427_25,bluesedan_0030,cuckoo_0030,goldenretriever_0030,knob_0030
further,598e831e3427_26,beetle_0023,bloodhound_0023,robin_0023,squat_0023
further,598e831e3427_28,squat_0009,beetle_0009,bloodhound_0009,robin_0009
further,598e831e3427_30,redantique_0014,bluejay_0014,inlay_0014,weimaraner_0014
further,a256c5dacb37_2,hatchback_0001,bluejay_0001,bullmastiff_0001,inlay_0001
further,a256c5dacb37_6,crow_0019,bluesport_0019,doberman_0019,sling_0019
further,a256c5dacb37_8,woven_0016,pug_0016,redsport_0016,tomtit_0016
further,a256c5dacb37_11,doberman_0021,bluesport_0021,crow_0021,sling_0021
further,a256c5dacb37_13,pug_0002,redsport_0002,tomtit_0002,woven_0002
further,a256c5dacb37_14,redsport_0024,pug_0024,tomtit_0024,woven_0024
further,a256c5dacb37_16,robin_0036,basset_0036,redantique_0036,waiting_0036
further,a256c5dacb37_18,bullmastiff_0029,bluejay_0029,hatchback_0029,inlay_0029
further,a256c5dacb37_19,tomtit_0006,pug_0006,redsport_0006,woven_0006
further,a256c5dacb37_21,redantique_0004,basset_0004,robin_0004,waiting_0004
further,a256c5dacb37_22,waiting_0032,basset_0032,redantique_0032,robin_0032
further,a256c5dacb37_23,sling_0011,bluesport_0011,crow_0011,doberman_0011
further,a256c5dacb37_24,inlay_0014,bluejay_0014,bullmastiff_0014,hatchback_0014
further,a256c5dacb37_25,basset_0025,redantique_0025,robin_0025,waiting_0025
further,a256c5dacb37_27,bluesport_0000,crow_0000,doberman_0000,sling_0000
further,a256c5dacb37_28,bluejay_0017,bullmastiff_0017,hatchback_0017,inlay_0017
further,fe8e1d4e3bc2_1,woven_0006,bluesport_0006,chihuahua_0006,robin_0006
further,fe8e1d4e3bc2_2,bluesport_0019,chihuahua_0019,robin_0019,woven_0019
further,fe8e1d4e3bc2_8,hatchback_0008,basset_0008,crow_0008,squat_0008
further,fe8e1d4e3bc2_11,sling_0030,bloodhound_0030,cuckoo_0030,redsport_0030
further,fe8e1d4e3bc2_13,robin_0026,bluesport_0026,chihuahua_0026,woven_0026
further,fe8e1d4e3bc2_14,redsport_0016,bloodhound_0016,cuckoo_0016,sling_0016
further,fe8e1d4e3bc2_16,sparrow_0013,beetle_0013,waiting_0013,weimaraner_0013
further,fe8e1d4e3bc2_17,chihuahua_0018,bluesport_0018,robin_0018,woven_0018
further,fe8e1d4e3bc2_18,beetle_0032,sparrow_0032,waiting_0032,weimaraner_0032
further,fe8e1d4e3bc2_19,basset_0036,crow_0036,hatchback_0036,squat_0036
further,fe8e1d4e3bc2_20,crow_0017,basset_0017,hatchback_0017,squat_0017
further,fe8e1d4e3bc2_25,waiting_0039,beetle_0039,sparrow_0039,weimaraner_0039
further,fe8e1d4e3bc2_27,squat_0038,basset_0038,crow_0038,hatchback_0038
further,fe8e1d4e3bc2_28,cuckoo_0024,bloodhound_0024,redsport_0024,sling_0024
further,fe8e1d4e3bc2_29,bloodhound_0027,cuckoo_0027,redsport_0027,sling_0027
further,fe8e1d4e3bc2_32,weimaraner_0000,beetle_0000,sparrow_0000,waiting_0000
further,51c2a0fb82fc_1,bluesedan_0036,basset_0036,cuckoo_0036,squat_0036
further,51c2a0fb82fc_3,pigeon_0038,bloodhound_0038,redsport_0038,straight_0038
further,51c2a0fb82fc_5,tomtit_0032,goldenretriever_0032,sling_0032,white_0032
further,51c2a0fb82fc_6,beetle_0026,chihuahua_0026,knob_0026,robin_0026
further,51c2a0fb82fc_10,squat_0000,basset_0000,bluesedan_0000,cuckoo_0000
further,51c2a0fb82fc_11,cuckoo_0003,basset_0003,bluesedan_0003,squat_0003
further,51c2a0fb82fc_12,robin_0017,beetle_0017,chihuahua_0017,knob_0017
further,51c2a0fb82fc_14,white_0020,goldenretriever_0020,sling_0020,tomtit_0020
further,51c2a0fb82fc_15,sling_0025,goldenretriever_0025,tomtit_0025,white_0025
further,51c2a0fb82fc_18,knob_0015,beetle_0015,chihuahua_0015,robin_0015
further,51c2a0fb82fc_22,bloodhound_0028,pigeon_0028,redsport_0028,straight_0028
further,51c2a0fb82fc_27,goldenretriever_0013,sling_0013,tomtit_0013,white_0013
further,51c2a0fb82fc_29,basset_0030,bluesedan_0030,cuckoo_0030,squat_0030
further,51c2a0fb82fc_30,redsport_0007,bloodhound_0007,pigeon_0007,straight_0007
further,51c2a0fb82fc_31,straight_0021,bloodhound_0021,pigeon_0021,redsport_0021
further,51c2a0fb82fc_32,chihuahua_0035,beetle_0035,knob_0035,robin_0035
further,40e72b57cd95_2,inlay_0005,crow_0005,pug_0005,redsport_0005
further,40e72b57cd95_3,tomtit_0029,bluesedan_0029,bullmastiff_0029,waiting_0029
further,40e72b57cd95_6,goldenretriever_0036,beetle_0036,cuckoo_0036,knob_0036
further,40e72b57cd95_7,cuckoo_0031,beetle_0031,goldenretriever_0031,knob_0031
further,40e72b57cd95_9,waiting_0034,bluesedan_0034,bullmastiff_0034,tomtit_0034
further,40e72b57cd95_10,sling_0024,hatchback_0024,robin_0024,weimaraner_0024
further,40e72b57cd95_13,redsport_0027,crow_0027,inlay_0027,pug_0027
further,40e72b57cd95_17,bluesedan_0037,bullmastiff_0037,tomtit_0037,waiting_0037
further,40e72b57cd95_20,knob_0014,beetle_0014,cuckoo_0014,goldenretriever_0014
further,40e72b57cd95_21,robin_0023,hatchback_0023,sling_0023,weimaraner_0023
further,40e72b57cd95_22,hatchback_0022,robin_0022,sling_0022,weimaraner_0022
further,40e72b57cd95_25,weimaraner_0033,hatchback_0033,robin_0033,sling_0033
further,40e72b57cd95_27,beetle_0021,cuckoo_0021,goldenretriever_0021,knob_0021
further,40e72b57cd95_29,pug_0004,crow_0004,inlay_0004,redsport_0004
further,40e72b57cd95_30,bullmastiff_0025,bluesedan_0025,tomtit_0025,waiting_0025
further,40e72b57cd95_32,crow_0003,inlay_0003,pug_0003,redsport_0003
further,6033f019cfad_1,tomtit_0022,bluesport_0022,bullmastiff_0022,inlay_0022
further,6033f019cfad_2,sparrow_0015,bloodhound_0015,brown_0015,leather_0015
further,6033f019cfad_3,inlay_0028,bluesport_0028,bullmastiff_0028,tomtit_0028
further,6033f019cfad_4,brown_0023,bloodhound_0023,leather_0023,sparrow_0023
further,6033f019cfad_5,bluejay_0033,sling_0033,weimaraner_0033,white_0033
further,6033f019cfad_6,bluesport_0036,bullmastiff_0036,inlay_0036,tomtit_0036
further,6033f019cfad_8,cuckoo_0004,doberman_0004,hatchback_0004,squat_0004
further,6033f019cfad_12,bloodhound_0026,brown_0026,leather_0026,sparrow_0026
further,6033f019cfad_15,white_0005,bluejay_0005,sling_0005,weimaraner_0005
further,6033f019cfad_19,sling_0003,bluejay_0003,weimaraner_0003,white_0003
further,6033f019cfad_21,hatchback_0000,cuckoo_0000,doberman_0000,squat_0000
further,6033f019cfad_25,bullmastiff_0010,bluesport_0010,inlay_0010,tomtit_0010
further,6033f019cfad_26,weimaraner_0021,bluejay_0021,sling_0021,white_0021
further,6033f019cfad_30,squat_0018,cuckoo_0018,doberman_0018,hatchback_0018
further,6033f019cfad_31,doberman_0006,cuckoo_0006,hatchback_0006,squat_0006
further,6033f019cfad_32,leather_0039,bloodhound_0039,brown_0039,sparrow_0039
further,66ae9b0f2a5f_1,pigeon_0002,beetle_0002,goldenretriever_0002,squat_0002
further,66ae9b0f2a5f_2,redantique_0039,chihuahua_0039,nightingale_0039,woven_0039
further,66ae9b0f2a5f_3,squat_0035,beetle_0035,goldenretriever_0035,pigeon_0035
further,66ae9b0f2a5f_4,woven_0028,chihuahua_0028,nightingale_0028,redantique_0028
further,66ae9b0f2a5f_6,brown_0009,bullmastiff_0009,leather_0009,tomtit_0009
further,66ae9b0f2a5f_7,sparrow_0014,basset_0014,hatchback_0014,inlay_0014
further,66ae9b0f2a5f_13,inlay_0030,basset_0030,hatchback_0030,sparrow_0030
further,66ae9b0f2a5f_16,basset_0033,hatchback_0033,inlay_0033,sparrow_0033
further,66ae9b0f2a5f_17,leather_0000,brown_0000,bullmastiff_0000,tomtit_0000
further,66ae9b0f2a5f_18,goldenretriever_0008,beetle_0008,pigeon_0008,squat_0008
further,66ae9b0f2a5f_22,bullmastiff_0022,brown_0022,leather_0022,tomtit_0022
further,66ae9b0f2a5f_24,nightingale_0029,chihuahua_0029,redantique_0029,woven_0029
further,66ae9b0f2a5f_25,beetle_0031,goldenretriever_0031,pigeon_0031,squat_0031
further,66ae9b0f2a5f_29,tomtit_0026,brown_0026,bullmastiff_0026,leather_0026
further,66ae9b0f2a5f_31,hatchback_0018,basset_0018,inlay_0018,sparrow_0018
further,66ae9b0f2a5f_32,chihuahua_0013,nightingale_0013,redantique_0013,woven_0013
further,ebec98351506_3,waiting_0034,brown_0034,pigeon_0034,pug_0034
further,ebec98351506_5,chihuahua_0006,beetle_0006,cuckoo_0006,leather_0006
further,ebec98351506_6,pug_0026,brown_0026,pigeon_0026,waiting_0026
further,ebec98351506_7,nightingale_0003,goldenretriever_0003,hatchback_0003,inlay_0003
further,ebec98351506_9,goldenretriever_0033,hatchback_0033,inlay_0033,nightingale_0033
further,ebec98351506_14,inlay_0015,goldenretriever_0015,hatchback_0015,nightingale_0015
further,ebec98351506_15,cuckoo_0039,beetle_0039,chihuahua_0039,leather_0039
further,ebec98351506_16,knob_0025,basset_0025,bluesedan_0025,sparrow_0025
further,ebec98351506_18,beetle_0016,chihuahua_0016,cuckoo_0016,leather_0016
further,ebec98351506_22,basset_0014,bluesedan_0014,knob_0014,sparrow_0014
further,ebec98351506_23,hatchback_0036,goldenretriever_0036,inlay_0036,nightingale_0036
further,ebec98351506_25,brown_0035,pigeon_0035,pug_0035,waiting_0035
further,ebec98351506_26,leather_0028,beetle_0028,chihuahua_0028,cuckoo_0028
further,ebec98351506_27,sparrow_0031,basset_0031,bluesedan_0031,knob_0031
further,ebec98351506_28,bluesedan_0022,basset_0022,knob_0022,sparrow_0022
further,ebec98351506_31,pigeon_0019,brown_0019,pug_0019,waiting_0019
further,9da282521a06_2,white_0002,bullmastiff_0002,inlay_0002,tomtit_0002
further,9da282521a06_3,weimaraner_0003,cuckoo_0003,redantique_0003,waiting_0003
further,9da282521a06_8,waiting_0027,cuckoo_0027,redantique_0027,weimaraner_0027
further,9da282521a06_10,redantique_0036,cuckoo_0036,waiting_0036,weimaraner_0036
further,9da282521a06_14,tomtit_0012,bullmastiff_0012,inlay_0012,white_0012
further,9da282521a06_16,cuckoo_0017,redantique_0017,waiting_0017,weimaraner_0017
further,9da282521a06_17,pigeon_0030,beetle_0030,goldenretriever_0030,sling_0030
further,9da282521a06_18,inlay_0019,bullmastiff_0019,tomtit_0019,white_0019
further,9da282521a06_19,beetle_0033,goldenretriever_0033,pigeon_0033,sling_0033
further,9da282521a06_22,hatchback_0010,chihuahua_0010,crow_0010,leather_0010
further,9da282521a06_23,crow_0008,chihuahua_0008,hatchback_0008,leather_0008
further,9da282521a06_24,goldenretriever_0038,beetle_0038,pigeon_0038,sling_0038
further,9da282521a06_25,sling_0025,beetle_0025,goldenretriever_0025,pigeon_0025
further,9da282521a06_27,chihuahua_0018,crow_0018,hatchback_0018,leather_0018
further,9da282521a06_29,leather_0020,chihuahua_0020,crow_0020,hatchback_0020
further,9da282521a06_31,bullmastiff_0035,inlay_0035,tomtit_0035,white_0035
further,3feda50858ff_1,bullmastiff_0012,bluesport_0012,crow_0012,squat_0012
further,3feda50858ff_4,woven_0008,goldenretriever_0008,robin_0008,white_0008
further,3feda50858ff_9,crow_0039,bluesport_0039,bullmastiff_0039,squat_0039
further,3feda50858ff_10,bluesedan_0029,chihuahua_0029,pigeon_0029,straight_0029
further,3feda50858ff_11,robin_0022,goldenretriever_0022,white_0022,woven_0022
further,3feda50858ff_16,pigeon_0021,bluesedan_0021,chihuahua_0021,straight_0021
further,3feda50858ff_18,redantique_0009,bluejay_0009,leather_0009,weimaraner_0009
further,3feda50858ff_20,weimaraner_0016,bluejay_0016,leather_0016,redantique_0016
further,3feda50858ff_21,chihuahua_0006,bluesedan_0006,pigeon_0006,straight_0006
further,3feda50858ff_22,goldenretriever_0032,robin_0032,white_0032,woven_0032
further,3feda50858ff_24,straight_0010,bluesedan_0010,chihuahua_0010,pigeon_0010
further,3feda50858ff_25,squat_0017,bluesport_0017,bullmastiff_0017,crow_0017
further,3feda50858ff_26,white_0004,goldenretriever_0004,robin_0004,woven_0004
further,3feda50858ff_28,leather_0001,bluejay_0001,redantique_0001,weimaraner_0001
further,3feda50858ff_29,bluesport_0011,bullmastiff_0011,crow_0011,squat_0011
further,3feda50858ff_31,bluejay_0019,leather_0019,redantique_0019,weimaraner_0019
further,02a18e0f468a_1,redantique_0026,chihuahua_0026,nightingale_0026,waiting_0026
further,02a18e0f468a_4,beetle_0035,goldenretriever_0035,pigeon_0035,woven_0035
further,02a18e0f468a_7,inlay_0002,bluejay_0002,bluesport_0002,weimaraner_0002
further,02a18e0f468a_9,goldenretriever_0038,beetle_0038,pigeon_0038,woven_0038
further,02a18e0f468a_14,sling_0037,bluesedan_0037,doberman_0037,tomtit_0037
further,02a18e0f468a_16,pigeon_0021,beetle_0021,goldenretriever_0021,woven_0021
further,02a18e0f468a_19,waiting_0006,chihuahua_0006,nightingale_0006,redantique_0006
further,02a18e0f468a_22,doberman_0027,bluesedan_0027,sling_0027,tomtit_0027
further,02a18e0f468a_24,woven_0018,beetle_0018,goldenretriever_0018,pigeon_0018
further,02a18e0f468a_25,weimaraner_0003,bluejay_0003,bluesport_0003,inlay_0003
further,02a18e0f468a_26,bluesport_0011,bluejay_0011,inlay_0011,weimaraner_0011
further,02a18e0f468a_28,bluejay_0029,bluesport_0029,inlay_0029,weimaraner_0029
further,02a18e0f468a_29,bluesedan_0007,doberman_0007,sling_0007,tomtit_0007
further,02a18e0f468a_30,chihuahua_0020,nightingale_0020,redantique_0020,waiting_0020
further,02a18e0f468a_31,tomtit_0028,bluesedan_0028,doberman_0028,sling_0028
further,02a18e0f468a_32,nightingale_0022,chihuahua_0022,redantique_0022,waiting_0022
further,5729facc72df_2,redantique_0009,knob_0009,pug_0009,tomtit_0009
further,5729facc72df_4,redsport_0004,bluejay_0004,doberman_0004,straight_0004
further,5729facc72df_7,inlay_0010,bloodhound_0010,bluesport_0010,nightingale_0010
further,5729facc72df_8,straight_0039,bluejay_0039,doberman_0039,redsport_0039
further,5729facc72df_10,bluejay_0003,doberman_0003,redsport_0003,straight_0003
further,5729facc72df_12,beetle_0020,bullmastiff_0020,leather_0020,sparrow_0020
further,5729facc72df_15,pug_0018,knob_0018,redantique_0018,tomtit_0018
further,5729facc72df_16,tomtit_0008,knob_0008,pug_0008,redantique_0008
further,5729facc72df_17,sparrow_0037,beetle_0037,bullmastiff_0037,leather_0037
further,5729facc72df_18,doberman_0034,bluejay_0034,redsport_0034,straight_0034
further,5729facc72df_22,bullmastiff_0026,beetle_0026,leather_0026,sparrow_0026
further,5729facc72df_23,knob_0005,pug_0005,redantique_0005,tomtit_0005
further,5729facc72df_24,nightingale_0000,bloodhound_0000,bluesport_0000,inlay_0000
further,5729facc72df_29,bluesport_0028,bloodhound_0028,inlay_0028,nightingale_0028
further,5729facc72df_31,bloodhound_0029,bluesport_0029,inlay_0029,nightingale_0029
further,5729facc72df_32,leather_0019,beetle_0019,bullmastiff_0019,sparrow_0019
further,eb7bf7d7bda9_1,robin_0028,bluesport_0028,doberman_0028,sling_0028
further,eb7bf7d7bda9_2,bluesport_0003,doberman_0003,robin_0003,sling_0003
further,eb7bf7d7bda9_4,doberman_0019,bluesport_0019,robin_0019,sling_0019
further,eb7bf7d7bda9_7,knob_0007,bloodhound_0007,bluejay_0007,brown_0007
further,eb7bf7d7bda9_8,sparrow_0029,basset_0029,redsport_0029,squat_0029
further,eb7bf7d7bda9_12,basset_0006,redsport_0006,sparrow_0006,squat_0006
further,eb7bf7d7bda9_14,bullmastiff_0035,beetle_0035,crow_0035,woven_0035
further,eb7bf7d7bda9_17,woven_0038,beetle_0038,bullmastiff_0038,crow_0038
further,eb7bf7d7bda9_20,bloodhound_0036,bluejay_0036,brown_0036,knob_0036
further,eb7bf7d7bda9_21,beetle_0027,bullmastiff_0027,crow_0027,woven_0027
further,eb7bf7d7bda9_22,bluejay_0001,bloodhound_0001,brown_0001,knob_0001
further,eb7bf7d7bda9_25,brown_0010,bloodhound_0010,bluejay_0010,knob_0010
further,eb7bf7d7bda9_27,redsport_0023,basset_0023,sparrow_0023,squat_0023
further,eb7bf7d7bda9_29,sling_0013,bluesport_0013,doberman_0013,robin_0013
further,eb7bf7d7bda9_31,crow_0039,beetle_0039,bullmastiff_0039,woven_0039
further,eb7bf7d7bda9_32,squat_0026,basset_0026,redsport_0026,sparrow_0026
further,9be1cef8062f_1,sling_0015,bluesedan_0015,goldenretriever_0015,sparrow_0015
further,9be1cef8062f_2,pigeon_0029,chihuahua_0029,redantique_0029,squat_0029
further,9be1cef8062f_5,white_0006,crow_0006,inlay_0006,weimaraner_0006
further,9be1cef8062f_9,squat_0013,chihuahua_0013,pigeon_0013,redantique_0013
further,9be1cef8062f_11,bluesport_0007,bluejay_0007,doberman_0007,knob_0007
further,9be1cef8062f_13,weimaraner_0022,crow_0022,inlay_0022,white_0022
further,9be1cef8062f_14,doberman_0019,bluejay_0019,bluesport_0019,knob_0019
further,9be1cef8062f_15,goldenretriever_0010,bluesedan_0010,sling_0010,sparrow_0010
further,9be1cef8062f_18,knob_0032,bluejay_0032,bluesport_0032,doberman_0032
further,9be1cef8062f_19,chihuahua_0030,pigeon_0030,redantique_0030,squat_0030
further,9be1cef8062f_20,sparrow_0004,bluesedan_0004,goldenretriever_0004,sling_0004
further,9be1cef8062f_25,bluejay_0036,bluesport_0036,doberman_0036,knob_0036
further,9be1cef8062f_28,crow_0039,inlay_0039,weimaraner_0039,white_0039
further,9be1cef8062f_29,inlay_0027,crow_0027,weimaraner_0027,white_0027
further,9be1cef8062f_30,bluesedan_0031,goldenretriever_0031,sling_0031,sparrow_0031
further,9be1cef8062f_31,redantique_0020,chihuahua_0020,pigeon_0020,squat_0020
further,4b5397aaf9a5_1,squat_0006,basset_0006,cuckoo_0006,redantique_0006
further,4b5397aaf9a5_2,sling_0009,bluejay_0009,bluesport_0009,bullmastiff_0009
further,4b5397aaf9a5_4,weimaraner_0026,pigeon_0026,redsport_0026,waiting_0026
further,4b5397aaf9a5_5,redsport_0023,pigeon_0023,waiting_0023,weimaraner_0023
further,4b5397aaf9a5_6,cuckoo_0028,basset_0028,redantique_0028,squat_0028
further,4b5397aaf9a5_8,nightingale_0037,beetle_0037,bloodhound_0037,woven_0037
further,4b5397aaf9a5_9,redantique_0015,basset_0015,cuckoo_0015,squat_0015
further,4b5397aaf9a5_10,waiting_0008,pigeon_0008,redsport_0008,weimaraner_0008
further,4b5397aaf9a5_13,beetle_0036,bloodhound_0036,nightingale_0036,woven_0036
further,4b5397aaf9a5_14,woven_0034,beetle_0034,bloodhound_0034,nightingale_0034
further,4b5397aaf9a5_18,bloodhound_0005,beetle_0005,nightingale_0005,woven_0005
further,4b5397aaf9a5_20,pigeon_0021,redsport_0021,waiting_0021,weimaraner_0021
further,4b5397aaf9a5_24,bullmastiff_0032,bluejay_0032,bluesport_0032,sling_0032
further,4b5397aaf9a5_25,bluejay_0011,bluesport_0011,bullmastiff_0011,sling_0011
further,4b5397aaf9a5_29,bluesport_0022,bluejay_0022,bullmastiff_0022,sling_0022
further,4b5397aaf9a5_32,basset_0003,cuckoo_0003,redantique_0003,squat_0003
further,ba4fa6897887_3,pigeon_0003,bloodhound_0003,bluesedan_0003,woven_0003
further,ba4fa6897887_4,knob_0015,goldenretriever_0015,hatchback_0015,sparrow_0015
further,ba4fa6897887_5,hatchback_0008,goldenretriever_0008,knob_0008,sparrow_0008
further,ba4fa6897887_7,sling_0026,basset_0026,brown_0026,cuckoo_0026
further,ba4fa6897887_14,cuckoo_0017,basset_0017,brown_0017,sling_0017
further,ba4fa6897887_15,brown_0037,basset_0037,cuckoo_0037,sling_0037
further,ba4fa6897887_17,crow_0027,chihuahua_0027,straight_0027,white_0027
further,ba4fa6897887_18,straight_0010,chihuahua_0010,crow_0010,white_0010
further,ba4fa6897887_21,white_0002,chihuahua_0002,crow_0002,straight_0002
further,ba4fa6897887_23,woven_0001,bloodhound_0001,bluesedan_0001,pigeon_0001
further,ba4fa6897887_24,goldenretriever_0036,hatchback_0036,knob_0036,sparrow_0036
further,ba4fa6897887_26,sparrow_0016,goldenretriever_0016,hatchback_0016,knob_0016
further,ba4fa6897887_27,bluesedan_0032,bloodhound_0032,pigeon_0032,woven_0032
further,ba4fa6897887_28,bloodhound_0009,bluesedan_0009,pigeon_0009,woven_0009
further,ba4fa6897887_31,chihuahua_0039,crow_0039,straight_0039,white_0039
further,ba4fa6897887_32,basset_0030,brown_0030,cuckoo_0030,sling_0030
further,9fb30ab8b1c8_2,white_0026,bloodhound_0026,crow_0026,straight_0026
further,9fb30ab8b1c8_3,inlay_0037,basset_0037,brown_0037,robin_0037
further,9fb30ab8b1c8_6,basset_0010,brown_0010,inlay_0010,robin_0010
further,9fb30ab8b1c8_7,straight_0016,bloodhound_0016,crow_0016,white_0016
further,9fb30ab8b1c8_8,bloodhound_0011,crow_0011,straight_0011,white_0011
further,9fb30ab8b1c8_11,bluesedan_0028,doberman_0028,leather_0028,pigeon_0028
further,9fb30ab8b1c8_13,leather_0039,bluesedan_0039,doberman_0039,pigeon_0039
further,9fb30ab8b1c8_18,pigeon_0033,bluesedan_0033,doberman_0033,leather_0033
further,9fb30ab8b1c8_19,brown_0014,basset_0014,inlay_0014,robin_0014
further,9fb30ab8b1c8_20,robin_0002,basset_0002,brown_0002,inlay_0002
further,9fb30ab8b1c8_22,goldenretriever_0024,beetle_0024,sling_0024,tomtit_0024
further,9fb30ab8b1c8_24,sling_0009,beetle_0009,goldenretriever_0009,tomtit_0009
further,9fb30ab8b1c8_25,doberman_0003,bluesedan_0003,leather_0003,pigeon_0003
further,9fb30ab8b1c8_27,tomtit_0035,beetle_0035,goldenretriever_0035,sling_0035
further,9fb30ab8b1c8_29,crow_0025,bloodhound_0025,straight_0025,white_0025
further,9fb30ab8b1c8_32,beetle_0006,goldenretriever_0006,sling_0006,tomtit_0006
further,0770489f09fc_4,squat_0007,pigeon_0007,pug_0007,white_0007
further,0770489f09fc_5,robin_0014,brown_0014,bullmastiff_0014,knob_0014
further,0770489f09fc_6,bullmastiff_0008,brown_0008,knob_0008,robin_0008
further,0770489f09fc_8,sparrow_0015,bluesport_0015,chihuahua_0015,leather_0015
further,0770489f09fc_13,white_0012,pigeon_0012,pug_0012,squat_0012
further,0770489f09fc_16,bluesport_0031,chihuahua_0031,leather_0031,sparrow_0031
further,0770489f09fc_18,tomtit_0004,bloodhound_0004,hatchback_0004,woven_0004
further,0770489f09fc_19,pigeon_0025,pug_0025,squat_0025,white_0025
further,0770489f09fc_22,chihuahua_0002,bluesport_0002,leather_0002,sparrow_0002
further,0770489f09fc_23,bloodhound_0030,hatchback_0030,tomtit_0030,woven_0030
further,0770489f09fc_24,leather_0017,bluesport_0017,chihuahua_0017,sparrow_0017
further,0770489f09fc_26,hatchback_0009,bloodhound_0009,tomtit_0009,woven_0009
further,0770489f09fc_27,knob_0001,brown_0001,bullmastiff_0001,robin_0001
further,0770489f09fc_29,pug_0010,pigeon_0010,squat_0010,white_0010
further,0770489f09fc_31,woven_0034,bloodhound_0034,hatchback_0034,tomtit_0034
further,0770489f09fc_32,brown_0026,bullmastiff_0026,knob_0026,robin_0026
further,536321ddf5d8_1,pigeon_0035,bullmastiff_0035,inlay_0035,white_0035
further,536321ddf5d8_2,inlay_0008,bullmastiff_0008,pigeon_0008,white_0008
further,536321ddf5d8_4,pug_0025,cuckoo_0025,redantique_0025,sling_0025
further,536321ddf5d8_8,sling_0015,cuckoo_0015,pug_0015,redantique_0015
further,536321ddf5d8_12,woven_0026,bluejay_0026,bluesport_0026,doberman_0026
further,536321ddf5d8_14,redantique_0003,cuckoo_0003,pug_0003,sling_0003
further,536321ddf5d8_16,white_0013,bullmastiff_0013,inlay_0013,pigeon_0013
further,536321ddf5d8_18,straight_0022,bluesedan_0022,crow_0022,goldenretriever_0022
further,536321ddf5d8_19,bluesedan_0030,crow_0030,goldenretriever_0030,straight_0030
further,536321ddf5d8_20,bluejay_0021,bluesport_0021,doberman_0021,woven_0021
further,536321ddf5d8_22,bullmastiff_0006,inlay_0006,pigeon_0006,white_0006
further,536321ddf5d8_24,doberman_0007,bluejay_0007,bluesport_0007,woven_0007
further,536321ddf5d8_27,crow_0010,bluesedan_0010,goldenretriever_0010,straight_0010
further,536321ddf5d8_28,goldenretriever_0029,bluesedan_0029,crow_0029,straight_0029
further,536321ddf5d8_29,cuckoo_0034,pug_0034,redantique_0034,sling_0034
further,536321ddf5d8_30,bluesport_0011,bluejay_0011,doberman_0011,woven_0011
further,9e0bfd230b69_1,squat_0033,bloodhound_0033,crow_0033,white_0033
further,9e0bfd230b69_2,tomtit_0034,basset_0034,brown_0034,sling_0034
further,9e0bfd230b69_4,crow_0024,bloodhound_0024,squat_0024,white_0024
further,9e0bfd230b69_6,nightingale_0005,goldenretriever_0005,hatchback_0005,inlay_0005
further,9e0bfd230b69_8,straight_0026,bluesport_0026,pigeon_0026,pug_0026
further,9e0bfd230b69_9,pug_0030,bluesport_0030,pigeon_0030,straight_0030
further,9e0bfd230b69_11,basset_0014,brown_0014,sling_0014,tomtit_0014
further,9e0bfd230b69_14,white_0017,bloodhound_0017,crow_0017,squat_0017
further,9e0bfd230b69_16,inlay_0021,goldenretriever_0021,hatchback_0021,nightingale_0021
further,9e0bfd230b69_17,pigeon_0028,bluesport_0028,pug_0028,straight_0028
further,9e0bfd230b69_18,bluesport_0031,pigeon_0031,pug_0031,straight_0031
further,9e0bfd230b69_19,goldenretriever_0027,hatchback_0027,inlay_0027,nightingale_0027
further,9e0bfd230b69_22,sling_0032,basset_0032,brown_0032,tomtit_0032
further,9e0bfd230b69_23,brown_0039,basset_0039,sling_0039,tomtit_0039
further,9e0bfd230b69_24,hatchback_0038,goldenretriever_0038,inlay_0038,nightingale_0038
further,9e0bfd230b69_30,bloodhound_0037,crow_0037,squat_0037,white_0037
further,750ebe1b7f0b_1,pug_0025,beetle_0025,nightingale_0025,sling_0025
further,750ebe1b7f0b_3,cuckoo_0032,goldenretriever_0032,knob_0032,redantique_0032
further,750ebe1b7f0b_5,weimaraner_0031,pigeon_0031,squat_0031,white_0031
further,750ebe1b7f0b_6,beetle_0038,nightingale_0038,pug_0038,sling_0038
further,750ebe1b7f0b_7,robin_0021,bloodhound_0021,hatchback_0021,woven_0021
further,750ebe1b7f0b_9,bloodhound_0000,hatchback_0000,robin_0000,woven_0000
further,750ebe1b7f0b_10,goldenretriever_0020,cuckoo_0020,knob_0020,redantique_0020
further,750ebe1b7f0b_12,nightingale_0005,beetle_0005,pug_0005,sling_0005
further,750ebe1b7f0b_13,white_0013,pigeon_0013,squat_0013,weimaraner_0013
further,750ebe1b7f0b_17,squat_0014,pigeon_0014,weimaraner_0014,white_0014
further,750ebe1b7f0b_18,woven_0010,bloodhound_0010,hatchback_0010,robin_0010
further,750ebe1b7f0b_20,sling_0034,beetle_0034,nightingale_0034,pug_0034
further,750ebe1b7f0b_26,redantique_0003,cuckoo_0003,goldenretriever_0003,knob_0003
further,750ebe1b7f0b_27,pigeon_0008,squat_0008,weimaraner_0008,white_0008
further,750ebe1b7f0b_29,hatchback_0009,bloodhound_0009,robin_0009,woven_0009
further,750ebe1b7f0b_30,knob_0030,cuckoo_0030,goldenretriever_0030,redantique_0030
further,742d537c3c8d_2,leather_0004,basset_0004,beetle_0004,cuckoo_0004
further,742d537c3c8d_3,bluesedan_0017,bullmastiff_0017,sling_0017,sparrow_0017
further,742d537c3c8d_7,woven_0005,bloodhound_0005,hatchback_0005,robin_0005
further,742d537c3c8d_8,beetle_0036,basset_0036,cuckoo_0036,leather_0036
further,742d537c3c8d_9,pigeon_0037,brown_0037,doberman_0037,inlay_0037
further,742d537c3c8d_11,bloodhound_0012,hatchback_0012,robin_0012,woven_0012
further,742d537c3c8d_12,hatchback_0011,bloodhound_0011,robin_0011,woven_0011
further,742d537c3c8d_13,basset_0016,beetle_0016,cuckoo_0016,leather_0016
further,742d537c3c8d_16,sparrow_0002,bluesedan_0002,bullmastiff_0002,sling_0002
further,742d537c3c8d_17,brown_0020,doberman_0020,inlay_0020,pigeon_0020
further,742d537c3c8d_19,sling_0038,bluesedan_0038,bullmastiff_0038,sparrow_0038
further,742d537c3c8d_21,inlay_0013,brown_0013,doberman_0013,pigeon_0013
further,742d537c3c8d_22,doberman_0007,brown_0007,inlay_0007,pigeon_0007
further,742d537c3c8d_26,cuckoo_0019,basset_0019,beetle_0019,leather_0019
further,742d537c3c8d_28,bullmastiff_0014,bluesedan_0014,sling_0014,sparrow_0014
further,742d537c3c8d_30,robin_0009,bloodhound_0009,hatchback_0009,woven_0009
further,de5ece20c185_1,beetle_0036,basset_0036,inlay_0036,sparrow_0036
further,de5ece20c185_4,redantique_0038,bluejay_0038,goldenretriever_0038,squat_0038
further,de5ece20c185_6,sparrow_0001,basset_0001,beetle_0001,inlay_0001
further,de5ece20c185_7,bluesedan_0008,bullmastiff_0008,pigeon_0008,sling_0008
further,de5ece20c185_9,inlay_0011,basset_0011,beetle_0011,sparrow_0011
further,de5ece20c185_10,basset_0017,beetle_0017,inlay_0017,sparrow_0017
further,de5ece20c185_17,squat_0032,bluejay_0032,goldenretriever_0032,redantique_0032
further,de5ece20c185_19,bluesport_0006,cuckoo_0006,doberman_0006,waiting_0006
further,de5ece20c185_20,bullmastiff_0002,bluesedan_0002,pigeon_0002,sling_0002
further,de5ece20c185_22,doberman_0021,bluesport_0021,cuckoo_0021,waiting_0021
further,de5ece20c185_23,bluejay_0037,goldenretriever_0037,redantique_0037,squat_0037
further,de5ece20c185_24,goldenretriever_0019,bluejay_0019,redantique_0019,squat_0019
further,de5ece20c185_25,sling_0035,bluesedan_0035,bullmastiff_0035,pigeon_0035
further,de5ece20c185_28,waiting_0018,bluesport_0018,cuckoo_0018,doberman_0018
further,de5ece20c185_29,cuckoo_0014,bluesport_0014,doberman_0014,waiting_0014
further,de5ece20c185_31,pigeon_0005,bluesedan_0005,bullmastiff_0005,sling_0005
further,aa28797839b8_2,squat_0001,goldenretriever_0001,sparrow_0001,white_0001
further,aa28797839b8_4,weimaraner_0016,bluesport_0016,crow_0016,waiting_0016
further,aa28797839b8_6,chihuahua_0024,brown_0024,inlay_0024,nightingale_0024
further,aa28797839b8_7,knob_0021,beetle_0021,pigeon_0021,pug_0021
further,aa28797839b8_9,waiting_0033,bluesport_0033,crow_0033,weimaraner_0033
further,aa28797839b8_12,inlay_0014,brown_0014,chihuahua_0014,nightingale_0014
further,aa28797839b8_14,crow_0028,bluesport_0028,waiting_0028,weimaraner_0028
further,aa28797839b8_16,pigeon_0020,beetle_0020,knob_0020,pug_0020
further,aa28797839b8_17,bluesport_0023,crow_0023,waiting_0023,weimaraner_0023
further,aa28797839b8_19,goldenretriever_0010,sparrow_0010,squat_0010,white_0010
further,aa28797839b8_23,beetle_0006,knob_0006,pigeon_0006,pug_0006
further,aa28797839b8_24,nightingale_0036,brown_0036,chihuahua_0036,inlay_0036
further,aa28797839b8_25,sparrow_0034,goldenretriever_0034,squat_0034,white_0034
further,aa28797839b8_28,white_0011,goldenretriever_0011,sparrow_0011,squat_0011
further,aa28797839b8_29,brown_0012,chihuahua_0012,inlay_0012,nightingale_0012
further,aa28797839b8_30,pug_0032,beetle_0032,knob_0032,pigeon_0032
further,bd882d442998_4,waiting_0025,brown_0025,crow_0025,weimaraner_0025
further,bd882d442998_6,weimaraner_0019,brown_0019,crow_0019,waiting_0019
further,bd882d442998_7,redantique_0031,bluejay_0031,chihuahua_0031,inlay_0031
further,bd882d442998_8,robin_0003,doberman_0003,redsport_0003,squat_0003
further,bd882d442998_9,bluejay_0013,chihuahua_0013,inlay_0013,redantique_0013
further,bd882d442998_11,inlay_0028,bluejay_0028,chihuahua_0028,redantique_0028
further,bd882d442998_13,nightingale_0037,bloodhound_0037,bluesedan_0037,straight_0037
further,bd882d442998_14,squat_0024,doberman_0024,redsport_0024,robin_0024
further,bd882d442998_15,straight_0014,bloodhound_0014,bluesedan_0014,nightingale_0014
further,bd882d442998_18,doberman_0020,redsport_0020,robin_0020,squat_0020
further,bd882d442998_20,bloodhound_0021,bluesedan_0021,nightingale_0021,straight_0021
further,bd882d442998_21,crow_0007,brown_0007,waiting_0007,weimaraner_0007
further,bd882d442998_24,brown_0027,crow_0027,waiting_0027,weimaraner_0027
further,bd882d442998_25,redsport_0026,doberman_0026,robin_0026,squat_0026
further,bd882d442998_27,chihuahua_0008,bluejay_0008,inlay_0008,redantique_0008
further,bd882d442998_28,bluesedan_0030,bloodhound_0030,nightingale_0030,straight_0030
further,3a9fe57c5ce2_2,pigeon_0007,doberman_0007,redantique_0007,straight_0007
further,3a9fe57c5ce2_3,inlay_0028,beetle_0028,bullmastiff_0028,robin_0028
further,3a9fe57c5ce2_4,doberman_0009,pigeon_0009,redantique_0009,straight_0009
further,3a9fe57c5ce2_8,sparrow_0018,hatchback_0018,sling_0018,weimaraner_0018
further,3a9fe57c5ce2_10,nightingale_0034,basset_0034,bluesport_0034,woven_0034
further,3a9fe57c5ce2_12,robin_0027,beetle_0027,bullmastiff_0027,inlay_0027
further,3a9fe57c5ce2_14,woven_0021,basset_0021,bluesport_0021,nightingale_0021
further,3a9fe57c5ce2_15,weimaraner_0003,hatchback_0003,sling_0003,sparrow_0003
further,3a9fe57c5ce2_16,straight_0005,doberman_0005,pigeon_0005,redantique_0005
further,3a9fe57c5ce2_17,bluesport_0012,basset_0012,nightingale_0012,woven_0012
further,3a9fe57c5ce2_18,bullmastiff_0020,beetle_0020,inlay_0020,robin_0020
further,3a9fe57c5ce2_19,hatchback_0002,sling_0002,sparrow_0002,weimaraner_0002
further,3a9fe57c5ce2_22,redantique_0030,doberman_0030,pigeon_0030,straight_0030
further,3a9fe57c5ce2_23,basset_0031,bluesport_0031,nightingale_0031,woven_0031
further,3a9fe57c5ce2_28,sling_0011,hatchback_0011,sparrow_0011,weimaraner_0011
further,3a9fe57c5ce2_30,beetle_0038,bullmastiff_0038,inlay_0038,robin_0038
further,76fa38df4345_6,bullmastiff_0022,leather_0022,robin_0022,white_0022
further,76fa38df4345_7,redsport_0037,pug_0037,sling_0037,sparrow_0037
further,76fa38df4345_8,pug_0033,redsport_0033,sling_0033,sparrow_0033
further,76fa38df4345_9,squat_0021,basset_0021,beetle_0021,bluejay_0021
further,76fa38df4345_10,basset_0013,beetle_0013,bluejay_0013,squat_0013
further,76fa38df4345_11,hatchback_0018,bloodhound_0018,inlay_0018,nightingale_0018
further,76fa38df4345_12,leather_0039,bullmastiff_0039,robin_0039,white_0039
further,76fa38df4345_13,inlay_0009,bloodhound_0009,hatchback_0009,nightingale_0009
further,76fa38df4345_15,robin_0005,bullmastiff_0005,leather_0005,white_0005
further,76fa38df4345_16,sparrow_0035,pug_0035,redsport_0035,sling_0035
further,76fa38df4345_22,beetle_0003,basset_0003,bluejay_0003,squat_0003
further,76fa38df4345_23,bluejay_0028,basset_0028,beetle_0028,squat_0028
further,76fa38df4345_28,nightingale_0006,bloodhound_0006,hatchback_0006,inlay_0006
further,76fa38df4345_29,white_0017,bullmastiff_0017,leather_0017,robin_0017
further,76fa38df4345_30,bloodhound_0000,hatchback_0000,inlay_0000,nightingale_0000
further,76fa38df4345_32,sling_0034,pug_0034,redsport_0034,sparrow_0034
further,c4719cacc33e_1,cuckoo_0035,brown_0035,straight_0035,weimaraner_0035
further,c4719cacc33e_4,redantique_0012,pigeon_0012,pug_0012,woven_0012
further,c4719cacc33e_5,straight_0025,brown_0025,cuckoo_0025,weimaraner_0025
further,c4719cacc33e_7,pigeon_0023,pug_0023,redantique_0023,woven_0023
further,c4719cacc33e_11,crow_0011,bluesport_0011,bullmastiff_0011,sling_0011
further,c4719cacc33e_12,bluesport_0037,bullmastiff_0037,crow_0037,sling_0037
further,c4719cacc33e_13,woven_0013,pigeon_0013,pug_0013,redantique_0013
further,c4719cacc33e_15,weimaraner_0006,brown_0006,cuckoo_0006,straight_0006
further,c4719cacc33e_16,sling_0028,bluesport_0028,bullmastiff_0028,crow_0028
further,c4719cacc33e_18,waiting_0005,doberman_0005,nightingale_0005,redsport_0005
further,c4719cacc33e_25,doberman_0009,nightingale_0009,redsport_0009,waiting_0009
further,c4719cacc33e_28,redsport_0032,doberman_0032,nightingale_0032,waiting_0032
further,c4719cacc33e_29,nightingale_0039,doberman_0039,redsport_0039,waiting_0039
further,c4719cacc33e_30,brown_0029,cuckoo_0029,straight_0029,weimaraner_0029
further,c4719cacc33e_31,pug_0019,pigeon_0019,redantique_0019,woven_0019
further,c4719cacc33e_32,bullmastiff_0004,bluesport_0004,crow_0004,sling_0004
further,d47d38cbf130_1,tomtit_0000,basset_0000,bluesedan_0000,squat_0000
further,d47d38cbf130_3,bloodhound_0038,bluesport_0038,robin_0038,woven_0038
further,d47d38cbf130_4,redsport_0039,crow_0039,sling_0039,weimaraner_0039
further,d47d38cbf130_6,inlay_0031,doberman_0031,hatchback_0031,nightingale_0031
further,d47d38cbf130_11,doberman_0003,hatchback_0003,inlay_0003,nightingale_0003
further,d47d38cbf130_13,basset_0032,bluesedan_0032,squat_0032,tomtit_0032
further,d47d38cbf130_17,hatchback_0018,doberman_0018,inlay_0018,nightingale_0018
further,d47d38cbf130_18,bluesport_0024,bloodhound_0024,robin_0024,woven_0024
further,d47d38cbf130_20,squat_0028,basset_0028,bluesedan_0028,tomtit_0028
further,d47d38cbf130_22,sling_0030,crow_0030,redsport_0030,weimaraner_0030
further,d47d38cbf130_23,crow_0020,redsport_0020,sling_0020,weimaraner_0020
further,d47d38cbf130_25,weimaraner_0026,crow_0026,redsport_0026,sling_0026
further,d47d38cbf130_26,robin_0017,bloodhound_0017,bluesport_0017,woven_0017
further,d47d38cbf130_28,nightingale_0033,doberman_0033,hatchback_0033,inlay_0033
further,d47d38cbf130_29,woven_0009,bloodhound_0009,bluesport_0009,robin_0009
further,d47d38cbf130_30,bluesedan_0014,basset_0014,squat_0014,tomtit_0014
further,1849a3a7e567_1,pug_0023,brown_0023,cuckoo_0023,sling_0023
further,1849a3a7e567_6,bluesport_0025,doberman_0025,leather_0025,nightingale_0025
further,1849a3a7e567_7,weimaraner_0000,hatchback_0000,robin_0000,waiting_0000
further,1849a3a7e567_8,brown_0006,cuckoo_0006,pug_0006,sling_0006
further,1849a3a7e567_10,robin_0017,hatchback_0017,waiting_0017,weimaraner_0017
further,1849a3a7e567_11,waiting_0027,hatchback_0027,robin_0027,weimaraner_0027
further,1849a3a7e567_13,hatchback_0032,robin_0032,waiting_0032,weimaraner_0032
further,1849a3a7e567_14,bullmastiff_0029,redantique_0029,sparrow_0029,squat_0029
further,1849a3a7e567_16,redantique_0012,bullmastiff_0012,sparrow_0012,squat_0012
further,1849a3a7e567_18,leather_0009,bluesport_0009,doberman_0009,nightingale_0009
further,1849a3a7e567_23,doberman_0028,bluesport_0028,leather_0028,nightingale_0028
further,1849a3a7e567_25,sling_0015,brown_0015,cuckoo_0015,pug_0015
further,1849a3a7e567_26,cuckoo_0033,brown_0033,pug_0033,sling_0033
further,1849a3a7e567_28,squat_0013,bullmastiff_0013,redantique_0013,sparrow_0013
further,1849a3a7e567_29,nightingale_0011,bluesport_0011,doberman_0011,leather_0011
further,1849a3a7e567_32,sparrow_0001,bullmastiff_0001,redantique_0001,squat_0001
further,3b8a411cd76d_1,robin_0023,beetle_0023,inlay_0023,weimaraner_0023
further,3b8a411cd76d_6,bluejay_0000,bluesedan_0000,doberman_0000,sling_0000
further,3b8a411cd76d_7,sling_0002,bluejay_0002,bluesedan_0002,doberman_0002
further,3b8a411cd76d_9,bluesedan_0007,bluejay_0007,doberman_0007,sling_0007
further,3b8a411cd76d_15,crow_0037,knob_0037,pug_0037,white_0037
further,3b8a411cd76d_16,inlay_0036,beetle_0036,robin_0036,weimaraner_0036
further,3b8a411cd76d_17,nightingale_0035,goldenretriever_0035,redantique_0035,squat_0035
further,3b8a411cd76d_18,white_0026,crow_0026,knob_0026,pug_0026
further,3b8a411cd76d_19,pug_0009,crow_0009,knob_0009,white_0009
further,3b8a411cd76d_20,doberman_0025,bluejay_0025,bluesedan_0025,sling_0025
further,3b8a411cd76d_22,weimaraner_0031,beetle_0031,inlay_0031,robin_0031
further,3b8a411cd76d_25,redantique_0027,goldenretriever_0027,nightingale_0027,squat_0027
further,3b8a411cd76d_28,squat_0017,goldenretriever_0017,nightingale_0017,redantique_0017
further,3b8a411cd76d_30,beetle_0010,inlay_0010,robin_0010,weimaraner_0010
further,3b8a411cd76d_31,goldenretriever_0004,nightingale_0004,redantique_0004,squat_0004
further,3b8a411cd76d_32,knob_0021,crow_0021,pug_0021,white_0021
further,5089b41d6e95_1,pigeon_0022,bullmastiff_0022,redsport_0022,squat_0022
further,5089b41d6e95_4,bluesport_0017,leather_0017,pug_0017,tomtit_0017
further,5089b41d6e95_9,woven_0005,basset_0005,robin_0005,white_0005
further,5089b41d6e95_10,goldenretriever_0002,cuckoo_0002,hatchback_0002,knob_0002
further,5089b41d6e95_14,robin_0026,basset_0026,white_0026,woven_0026
further,5089b41d6e95_15,hatchback_0020,cuckoo_0020,goldenretriever_0020,knob_0020
further,5089b41d6e95_16,pug_0021,bluesport_0021,leather_0021,tomtit_0021
further,5089b41d6e95_17,leather_0011,bluesport_0011,pug_0011,tomtit_0011
further,5089b41d6e95_19,bullmastiff_0014,pigeon_0014,redsport_0014,squat_0014
further,5089b41d6e95_20,redsport_0006,bullmastiff_0006,pigeon_0006,squat_0006
further,5089b41d6e95_23,tomtit_0003,bluesport_0003,leather_0003,pug_0003
further,5089b41d6e95_24,white_0038,basset_0038,robin_0038,woven_0038
further,5089b41d6e95_25,basset_0028,robin_0028,white_0028,woven_0028
further,5089b41d6e95_27,squat_0024,bullmastiff_0024,pigeon_0024,redsport_0024
further,5089b41d6e95_30,knob_0034,cuckoo_0034,goldenretriever_0034,hatchback_0034
further,5089b41d6e95_32,cuckoo_0010,goldenretriever_0010,hatchback_0010,knob_0010
further,630161232275_1,basset_0032,bluesedan_0032,robin_0032,squat_0032
further,630161232275_4,doberman_0021,brown_0021,crow_0021,waiting_0021
further,630161232275_5,leather_0000,chihuahua_0000,pigeon_0000,white_0000
further,630161232275_8,redantique_0016,bluejay_0016,bullmastiff_0016,inlay_0016
further,630161232275_13,bluesedan_0017,basset_0017,robin_0017,squat_0017
further,630161232275_14,crow_0036,brown_0036,doberman_0036,waiting_0036
further,630161232275_15,robin_0019,basset_0019,bluesedan_0019,squat_0019
further,630161232275_16,squat_0028,basset_0028,bluesedan_0028,robin_0028
further,630161232275_18,white_0006,chihuahua_0006,leather_0006,pigeon_0006
further,630161232275_20,bullmastiff_0014,bluejay_0014,inlay_0014,redantique_0014
further,630161232275_22,brown_0025,crow_0025,doberman_0025,waiting_0025
further,630161232275_23,waiting_0013,brown_0013,crow_0013,doberman_0013
further,630161232275_24,inlay_0029,bluejay_0029,bullmastiff_0029,redantique_0029
further,630161232275_26,chihuahua_0027,leather_0027,pigeon_0027,white_0027
further,630161232275_29,pigeon_0008,chihuahua_0008,leather_0008,white_0008
further,630161232275_32,bluejay_0004,bullmastiff_0004,inlay_0004,redantique_0004
further,0b952d5c3afc_1,goldenretriever_0024,bluesedan_0024,leather_0024,tomtit_0024
further,0b952d5c3afc_4,straight_0032,brown_0032,pug_0032,sparrow_0032
further,0b952d5c3afc_5,bluesedan_0014,goldenretriever_0014,leather_0014,tomtit_0014
further,0b952d5c3afc_10,nightingale_0009,redsport_0009,waiting_0009,weimaraner_0009
further,0b952d5c3afc_11,leather_0026,bluesedan_0026,goldenretriever_0026,tomtit_0026
further,0b952d5c3afc_14,redsport_0030,nightingale_0030,waiting_0030,weimaraner_0030
further,0b952d5c3afc_16,crow_0025,bluesport_0025,chihuahua_0025,knob_0025
further,0b952d5c3afc_17,knob_0004,bluesport_0004,chihuahua_0004,crow_0004
further,0b952d5c3afc_18,brown_0027,pug_0027,sparrow_0027,straight_0027
further,0b952d5c3afc_19,weimaraner_0007,nightingale_0007,redsport_0007,waiting_0007
further,0b952d5c3afc_20,tomtit_0012,bluesedan_0012,goldenretriever_0012,leather_0012
further,0b952d5c3afc_22,chihuahua_0013,bluesport_0013,crow_0013,knob_0013
further,0b952d5c3afc_23,waiting_0015,nightingale_0015,redsport_0015,weimaraner_0015
further,0b952d5c3afc_25,sparrow_0021,brown_0021,pug_0021,straight_0021
further,0b952d5c3afc_30,pug_0039,brown_0039,sparrow_0039,straight_0039
further,0b952d5c3afc_32,bluesport_0002,chihuahua_0002,crow_0002,knob_0002
further,f24646df3a02_1,bluesedan_0013,basset_0013,crow_0013,leather_0013
further,f24646df3a02_2,pug_0018,hatchback_0018,robin_0018,straight_0018
further,f24646df3a02_3,crow_0009,basset_0009,bluesedan_0009,leather_0009
further,f24646df3a02_5,inlay_0005,beetle_0005,bluejay_0005,chihuahua_0005
further,f24646df3a02_6,waiting_0000,goldenretriever_0000,redsport_0000,sparrow_0000
further,f24646df3a02_7,redsport_0011,goldenretriever_0011,sparrow_0011,waiting_0011
further,f24646df3a02_8,robin_0039,hatchback_0039,pug_0039,straight_0039
further,f24646df3a02_10,straight_0001,hatchback_0001,pug_0001,robin_0001
further,f24646df3a02_11,beetle_0019,bluejay_0019,chihuahua_0019,inlay_0019
further,f24646df3a02_13,goldenretriever_0008,redsport_0008,sparrow_0008,waiting_0008
further,f24646df3a02_15,hatchback_0037,pug_0037,robin_0037,straight_0037
further,f24646df3a02_17,sparrow_0024,goldenretriever_0024,redsport_0024,waiting_0024
further,f24646df3a02_19,chihuahua_0007,beetle_0007,bluejay_0007,inlay_0007
further,f24646df3a02_20,leather_0036,basset_0036,bluesedan_0036,crow_0036
further,f24646df3a02_21,bluejay_0021,beetle_0021,chihuahua_0021,inlay_0021
further,f24646df3a02_25,basset_0012,bluesedan_0012,crow_0012,leather_0012
further,dff5f557e8c9_3,redsport_0006,basset_0006,crow_0006,leather_0006
further,dff5f557e8c9_4,hatchback_0011,cuckoo_0011,inlay_0011,weimaraner_0011
further,dff5f557e8c9_5,cuckoo_0028,hatchback_0028,inlay_0028,weimaraner_0028
further,dff5f557e8c9_7,sparrow_0019,chihuahua_0019,waiting_0019,white_0019
further,dff5f557e8c9_9,inlay_0024,cuckoo_0024,hatchback_0024,weimaraner_0024
further,dff5f557e8c9_10,waiting_0025,chihuahua_0025,sparrow_0025,white_0025
further,dff5f557e8c9_11,chihuahua_0015,sparrow_0015,waiting_0015,white_0015
further,dff5f557e8c9_12,bluesport_0001,knob_0001,pigeon_0001,pug_0001
further,dff5f557e8c9_16,pug_0023,bluesport_0023,knob_0023,pigeon_0023
further,dff5f557e8c9_20,white_0017,chihuahua_0017,sparrow_0017,waiting_0017
further,dff5f557e8c9_22,weimaraner_0008,cuckoo_0008,hatchback_0008,inlay_0008
further,dff5f557e8c9_23,knob_0032,bluesport_0032,pigeon_0032,pug_0032
further,dff5f557e8c9_27,leather_0022,basset_0022,crow_0022,redsport_0022
further,dff5f557e8c9_28,pigeon_0039,bluesport_0039,knob_0039,pug_0039
further,dff5f557e8c9_29,crow_0009,basset_0009,leather_0009,redsport_0009
further,dff5f557e8c9_32,basset_0013,crow_0013,leather_0013,redsport_0013
further,9f40a60b440d_2,crow_0025,bluesport_0025,chihuahua_0025,squat_0025
further,9f40a60b440d_3,inlay_0005,bluesedan_0005,nightingale_0005,pug_0005
further,9f40a60b440d_5,basset_0034,bluejay_0034,brown_0034,sling_0034
further,9f40a60b440d_8,nightingale_0010,bluesedan_0010,inlay_0010,pug_0010
further,9f40a60b440d_11,bluesedan_0028,inlay_0028,nightingale_0028,pug_0028
further,9f40a60b440d_13,pug_0017,bluesedan_0017,inlay_0017,nightingale_0017
further,9f40a60b440d_16,bluesport_0015,chihuahua_0015,crow_0015,squat_0015
further,9f40a60b440d_18,sling_0037,basset_0037,bluejay_0037,brown_0037
further,9f40a60b440d_19,chihuahua_0012,bluesport_0012,crow_0012,squat_0012
further,9f40a60b440d_23,squat_0033,bluesport_0033,chihuahua_0033,crow_0033
further,9f40a60b440d_25,leather_0038,bloodhound_0038,cuckoo_0038,redsport_0038
further,9f40a60b440d_26,bloodhound_0030,cuckoo_0030,leather_0030,redsport_0030
further,9f40a60b440d_28,redsport_0008,bloodhound_0008,cuckoo_0008,leather_0008
further,9f40a60b440d_29,cuckoo_0026,bloodhound_0026,leather_0026,redsport_0026
further,9f40a60b440d_30,brown_0011,basset_0011,bluejay_0011,sling_0011
further,9f40a60b440d_32,bluejay_0000,basset_0000,brown_0000,sling_0000
further,6b251cdc7286_1,pigeon_0001,chihuahua_0001,redsport_0001,waiting_0001
further,6b251cdc7286_4,bluesport_0020,pug_0020,robin_0020,woven_0020
further,6b251cdc7286_6,robin_0039,bluesport_0039,pug_0039,woven_0039
further,6b251cdc7286_7,redsport_0026,chihuahua_0026,pigeon_0026,waiting_0026
further,6b251cdc7286_10,nightingale_0021,bloodhound_0021,redantique_0021,squat_0021
further,6b251cdc7286_12,inlay_0028,bluesedan_0028,tomtit_0028,weimaraner_0028
further,6b251cdc7286_13,pug_0015,bluesport_0015,robin_0015,woven_0015
further,6b251cdc7286_16,waiting_0005,chihuahua_0005,pigeon_0005,redsport_0005
further,6b251cdc7286_17,squat_0027,bloodhound_0027,nightingale_0027,redantique_0027
further,6b251cdc7286_19,redantique_0010,bloodhound_0010,nightingale_0010,squat_0010
further,6b251cdc7286_20,bloodhound_0016,nightingale_0016,redantique_0016,squat_0016
further,6b251cdc7286_22,bluesedan_0037,inlay_0037,tomtit_0037,weimaraner_0037
further,6b251cdc7286_23,chihuahua_0023,pigeon_0023,redsport_0023,waiting_0023
further,6b251cdc7286_24,woven_0025,bluesport_0025,pug_0025,robin_0025
further,6b251cdc7286_25,tomtit_0011,bluesedan_0011,inlay_0011,weimaraner_0011
further,6b251cdc7286_29,weimaraner_0036,bluesedan_0036,inlay_0036,tomtit_0036
further,5f702f5295bf_2,robin_0039,goldenretriever_0039,hatchback_0039,straight_0039
further,5f702f5295bf_3,hatchback_0007,goldenretriever_0007,robin_0007,straight_0007
further,5f702f5295bf_4,inlay_0034,bluejay_0034,bullmastiff_0034,white_0034
further,5f702f5295bf_5,leather_0014,basset_0014,beetle_0014,cuckoo_0014
further,5f702f5295bf_8,white_0002,bluejay_0002,bullmastiff_0002,inlay_0002
further,5f702f5295bf_10,cuckoo_0028,basset_0028,beetle_0028,leather_0028
further,5f702f5295bf_11,pug_0022,crow_0022,knob_0022,redantique_0022
further,5f702f5295bf_13,beetle_0003,basset_0003,cuckoo_0003,leather_0003
further,5f702f5295bf_14,redantique_0012,crow_0012,knob_0012,pug_0012
further,5f702f5295bf_15,straight_0033,goldenretriever_0033,hatchback_0033,robin_0033
further,5f702f5295bf_19,knob_0024,crow_0024,pug_0024,redantique_0024
further,5f702f5295bf_20,crow_0026,knob_0026,pug_0026,redantique_0026
further,5f702f5295bf_21,bluejay_0038,bullmastiff_0038,inlay_0038,white_0038
further,5f702f5295bf_26,goldenretriever_0017,hatchback_0017,robin_0017,straight_0017
further,5f702f5295bf_30,bullmastiff_0015,bluejay_0015,inlay_0015,white_0015
further,5f702f5295bf_31,basset_0011,beetle_0011,cuckoo_0011,leather_0011
further,e0d4ab6f70ba_2,leather_0018,bloodhound_0018,bluesedan_0018,crow_0018
further,e0d4ab6f70ba_3,redantique_0000,goldenretriever_0000,tomtit_0000,waiting_0000
further,e0d4ab6f70ba_4,tomtit_0030,goldenretriever_0030,redantique_0030,waiting_0030
further,e0d4ab6f70ba_6,bluesedan_0005,bloodhound_0005,crow_0005,leather_0005
further,e0d4ab6f70ba_7,crow_0014,bloodhound_0014,bluesedan_0014,leather_0014
further,e0d4ab6f70ba_8,waiting_0034,goldenretriever_0034,redantique_0034,tomtit_0034
further,e0d4ab6f70ba_11,pug_0036,beetle_0036,robin_0036,straight_0036
further,e0d4ab6f70ba_12,squat_0004,cuckoo_0004,redsport_0004,weimaraner_0004
further,e0d4ab6f70ba_15,weimaraner_0013,cuckoo_0013,redsport_0013,squat_0013
further,e0d4ab6f70ba_16,robin_0029,beetle_0029,pug_0029,straight_0029
further,e0d4ab6f70ba_17,straight_0023,beetle_0023,pug_0023,robin_0023
further,e0d4ab6f70ba_22,redsport_0015,cuckoo_0015,squat_0015,weimaraner_0015
further,e0d4ab6f70ba_24,cuckoo_0009,redsport_0009,squat_0009,weimaraner_0009
further,e0d4ab6f70ba_25,bloodhound_0007,bluesedan_0007,crow_0007,leather_0007
further,e0d4ab6f70ba_27,goldenretriever_0006,redantique_0006,tomtit_0006,waiting_0006
further,e0d4ab6f70ba_32,beetle_0028,pug_0028,robin_0028,straight_0028
further,dedce5688994_1,doberman_0007,brown_0007,knob_0007,sparrow_0007
further,dedce5688994_4,pug_0013,bluesport_0013,crow_0013,squat_0013
further,dedce5688994_5,leather_0025,bullmastiff_0025,redantique_0025,tomtit_0025
further,dedce5688994_8,tomtit_0003,bullmastiff_0003,leather_0003,redantique_0003
further,dedce5688994_12,bluejay_0020,basset_0020,sling_0020,white_0020
further,dedce5688994_13,sling_0038,basset_0038,bluejay_0038,white_0038
further,dedce5688994_14,squat_0026,bluesport_0026,crow_0026,pug_0026
further,dedce5688994_15,white_0028,basset_0028,bluejay_0028,sling_0028
further,dedce5688994_17,bluesport_0032,crow_0032,pug_0032,squat_0032
further,dedce5688994_18,crow_0015,bluesport_0015,pug_0015,squat_0015
further,dedce5688994_21,redantique_0021,bullmastiff_0021,leather_0021,tomtit_0021
further,dedce5688994_23,sparrow_0019,brown_0019,doberman_0019,knob_0019
further,dedce5688994_24,basset_0016,bluejay_0016,sling_0016,white_0016
further,dedce5688994_26,bullmastiff_0029,leather_0029,redantique_0029,tomtit_0029
further,dedce5688994_28,knob_0004,brown_0004,doberman_0004,sparrow_0004
further,dedce5688994_31,brown_0017,doberman_0017,knob_0017,sparrow_0017
further,b70083319e91_1,bloodhound_0028,beetle_0028,inlay_0028,pigeon_0028
further,b70083319e91_2,bluesport_0026,goldenretriever_0026,leather_0026,sparrow_0026
further,b70083319e91_8,pigeon_0012,beetle_0012,bloodhound_0012,inlay_0012
further,b70083319e91_10,brown_0024,basset_0024,crow_0024,straight_0024
further,b70083319e91_14,straight_0039,basset_0039,brown_0039,crow_0039
further,b70083319e91_15,basset_0002,brown_0002,crow_0002,straight_0002
further,b70083319e91_16,pug_0038,knob_0038,redsport_0038,robin_0038
further,b70083319e91_18,knob_0017,pug_0017,redsport_0017,robin_0017
further,b70083319e91_19,goldenretriever_0000,bluesport_0000,leather_0000,sparrow_0000
further,b70083319e91_20,leather_0022,bluesport_0022,goldenretriever_0022,sparrow_0022
further,b70083319e91_21,beetle_0005,bloodhound_0005,inlay_0005,pigeon_0005
further,b70083319e91_22,inlay_0036,beetle_0036,bloodhound_0036,pigeon_0036
further,b70083319e91_25,redsport_0032,knob_0032,pug_0032,robin_0032
further,b70083319e91_27,crow_0007,basset_0007,brown_0007,straight_0007
further,b70083319e91_29,sparrow_0025,bluesport_0025,goldenretriever_0025,leather_0025
further,b70083319e91_30,robin_0003,knob_0003,pug_0003,redsport_0003
further,ea5692bd70f3_1,robin_0022,goldenretriever_0022,hatchback_0022,inlay_0022
further,ea5692bd70f3_2,weimaraner_0005,brown_0005,cuckoo_0005,straight_0005
further,ea5692bd70f3_3,brown_0031,cuckoo_0031,straight_0031,weimaraner_0031
further,ea5692bd70f3_4,pug_0020,redsport_0020,sling_0020,sparrow_0020
further,ea5692bd70f3_6,basset_0032,bluejay_0032,knob_0032,white_0032
further,ea5692bd70f3_7,bluejay_0023,basset_0023,knob_0023,white_0023
further,ea5692bd70f3_10,straight_0010,brown_0010,cuckoo_0010,weimaraner_0010
further,ea5692bd70f3_11,sling_0030,pug_0030,redsport_0030,sparrow_0030
further,ea5692bd70f3_16,white_0015,basset_0015,bluejay_0015,knob_0015
further,ea5692bd70f3_18,goldenretriever_0002,hatchback_0002,inlay_0002,robin_0002
further,ea5692bd70f3_21,hatchback_0001,goldenretriever_0001,inlay_0001,robin_0001
further,ea5692bd70f3_22,inlay_0037,goldenretriever_0037,hatchback_0037,robin_0037
further,ea5692bd70f3_24,knob_0003,basset_0003,bluejay_0003,white_0003
further,ea5692bd70f3_25,sparrow_0017,pug_0017,redsport_0017,sling_0017
further,ea5692bd70f3_28,redsport_0033,pug_0033,sling_0033,sparrow_0033
further,ea5692bd70f3_31,cuckoo_0004,brown_0004,straight_0004,weimaraner_0004
further,f5c2b5378c46_2,bluesport_0004,crow_0004,doberman_0004,inlay_0004
further,f5c2b5378c46_3,crow_0003,bluesport_0003,doberman_0003,inlay_0003
further,f5c2b5378c46_4,redsport_0032,bullmastiff_0032,leather_0032,pigeon_0032
further,f5c2b5378c46_5,bluejay_0012,bluesedan_0012,goldenretriever_0012,waiting_0012
further,f5c2b5378c46_7,basset_0005,beetle_0005,nightingale_0005,squat_0005
further,f5c2b5378c46_11,leather_0017,bullmastiff_0017,pigeon_0017,redsport_0017
further,f5c2b5378c46_12,goldenretriever_0031,bluejay_0031,bluesedan_0031,waiting_0031
further,f5c2b5378c46_16,inlay_0035,bluesport_0035,crow_0035,doberman_0035
further,f5c2b5378c46_20,bluesedan_0016,bluejay_0016,goldenretriever_0016,waiting_0016
further,f5c2b5378c46_21,bullmastiff_0026,leather_0026,pigeon_0026,redsport_0026
further,f5c2b5378c46_22,squat_0033,basset_0033,beetle_0033,nightingale_0033
further,f5c2b5378c46_23,beetle_0027,basset_0027,nightingale_0027,squat_0027
further,f5c2b5378c46_28,doberman_0024,bluesport_0024,crow_0024,inlay_0024
further,f5c2b5378c46_30,pigeon_0001,bullmastiff_0001,leather_0001,redsport_0001
further,f5c2b5378c46_31,waiting_0028,bluejay_0028,bluesedan_0028,goldenretriever_0028
further,f5c2b5378c46_32,nightingale_0007,basset_0007,beetle_0007,squat_0007
further,29a90e024d4f_1,chihuahua_0011,brown_0011,pigeon_0011,woven_0011
further,29a90e024d4f_5,brown_0009,chihuahua_0009,pigeon_0009,woven_0009
further,29a90e024d4f_7,basset_0017,bluesport_0017,cuckoo_0017,leather_0017
further,29a90e024d4f_8,cuckoo_0018,basset_0018,bluesport_0018,leather_0018
further,29a90e024d4f_10,bluesport_0016,basset_0016,cuckoo_0016,leather_0016
further,29a90e024d4f_12,goldenretriever_0023,bluejay_0023,bluesedan_0023,straight_0023
further,29a90e024d4f_13,woven_0020,brown_0020,chihuahua_0020,pigeon_0020
further,29a90e024d4f_17,sling_0022,sparrow_0022,weimaraner_0022,white_0022
further,29a90e024d4f_19,bluejay_0036,bluesedan_0036,goldenretriever_0036,straight_0036
further,29a90e024d4f_21,weimaraner_0026,sling_0026,sparrow_0026,white_0026
further,29a90e024d4f_24,bluesedan_0013,bluejay_0013,goldenretriever_0013,straight_0013
further,29a90e024d4f_25,leather_0005,basset_0005,bluesport_0005,cuckoo_0005
further,29a90e024d4f_26,straight_0030,bluejay_0030,bluesedan_0030,goldenretriever_0030
further,29a90e024d4f_28,white_0033,sling_0033,sparrow_0033,weimaraner_0033
further,29a90e024d4f_29,pigeon_0012,brown_0012,chihuahua_0012,woven_0012
further,29a90e024d4f_31,sparrow_0007,sling_0007,weimaraner_0007,white_0007
further,2e7b848c394b_1,white_0016,bluejay_0016,chihuahua_0016,sling_0016
further,2e7b848c394b_3,sling_0021,bluejay_0021,chihuahua_0021,white_0021
further,2e7b848c394b_4,redsport_0028,goldenretriever_0028,leather_0028,tomtit_0028
further,2e7b848c394b_5,robin_0034,bullmastiff_0034,hatchback_0034,straight_0034
further,2e7b848c394b_8,beetle_0025,doberman_0025,inlay_0025,sparrow_0025
further,2e7b848c394b_9,tomtit_0003,goldenretriever_0003,leather_0003,redsport_0003
further,2e7b848c394b_12,goldenretriever_0015,leather_0015,redsport_0015,tomtit_0015
further,2e7b848c394b_15,doberman_0002,beetle_0002,inlay_0002,sparrow_0002
further,2e7b848c394b_18,straight_0031,bullmastiff_0031,hatchback_0031,robin_0031
further,2e7b848c394b_20,inlay_0019,beetle_0019,doberman_0019,sparrow_0019
further,2e7b848c394b_21,hatchback_0038,bullmastiff_0038,robin_0038,straight_0038
further,2e7b848c394b_25,sparrow_0008,beetle_0008,doberman_0008,inlay_0008
further,2e7b848c394b_28,bullmastiff_0020,hatchback_0020,robin_0020,straight_0020
further,2e7b848c394b_29,chihuahua_0018,bluejay_0018,sling_0018,white_0018
further,2e7b848c394b_31,bluejay_0024,chihuahua_0024,sling_0024,white_0024
further,2e7b848c394b_32,leather_0012,goldenretriever_0012,redsport_0012,tomtit_0012
further,127894d151ba_6,leather_0037,beetle_0037,chihuahua_0037,sparrow_0037
further,127894d151ba_7,nightingale_0027,doberman_0027,squat_0027,white_0027
further,127894d151ba_10,beetle_0025,chihuahua_0025,leather_0025,sparrow_0025
further,127894d151ba_11,hatchback_0022,bloodhound_0022,bluejay_0022,sling_0022
further,127894d151ba_12,squat_0033,doberman_0033,nightingale_0033,white_0033
further,127894d151ba_13,pigeon_0023,brown_0023,weimaraner_0023,woven_0023
further,127894d151ba_14,woven_0005,brown_0005,pigeon_0005,weimaraner_0005
further,127894d151ba_16,weimaraner_0032,brown_0032,pigeon_0032,woven_0032
further,127894d151ba_19,sparrow_0002,beetle_0002,chihuahua_0002,leather_0002
further,127894d151ba_20,brown_0035,pigeon_0035,weimaraner_0035,woven_0035
further,127894d151ba_22,doberman_0014,nightingale_0014,squat_0014,white_0014
further,127894d151ba_23,chihuahua_0028,beetle_0028,leather_0028,sparrow_0028
further,127894d151ba_25,bluejay_0003,bloodhound_0003,hatchback_0003,sling_0003
further,127894d151ba_28,white_0009,doberman_0009,nightingale_0009,squat_0009
further,127894d151ba_29,bloodhound_0031,bluejay_0031,hatchback_0031,sling_0031
further,127894d151ba_32,sling_0024,bloodhound_0024,bluejay_0024,hatchback_0024
further,eec2b4a61ff4_3,chihuahua_0025,brown_0025,sparrow_0025,straight_0025
further,eec2b4a61ff4_4,straight_0002,brown_0002,chihuahua_0002,sparrow_0002
further,eec2b4a61ff4_5,leather_0035,bluejay_0035,pug_0035,redsport_0035
further,eec2b4a61ff4_6,woven_0004,bluesport_0004,goldenretriever_0004,robin_0004
further,eec2b4a61ff4_9,robin_0017,bluesport_0017,goldenretriever_0017,woven_0017
further,eec2b4a61ff4_10,redsport_0030,bluejay_0030,leather_0030,pug_0030
further,eec2b4a61ff4_11,inlay_0028,beetle_0028,cuckoo_0028,doberman_0028
further,eec2b4a61ff4_12,brown_0024,chihuahua_0024,sparrow_0024,straight_0024
further,eec2b4a61ff4_18,doberman_0015,beetle_0015,cuckoo_0015,inlay_0015
further,eec2b4a61ff4_20,bluesport_0005,goldenretriever_0005,robin_0005,woven_0005
further,eec2b4a61ff4_22,pug_0008,bluejay_0008,leather_0008,redsport_0008
further,eec2b4a61ff4_25,beetle_0020,cuckoo_0020,doberman_0020,inlay_0020
further,eec2b4a61ff4_26,goldenretriever_0009,bluesport_0009,robin_0009,woven_0009
further,eec2b4a61ff4_29,bluejay_0013,leather_0013,pug_0013,redsport_0013
further,eec2b4a61ff4_30,sparrow_0022,brown_0022,chihuahua_0022,straight_0022
further,eec2b4a61ff4_31,cuckoo_0032,beetle_0032,doberman_0032,inlay_0032
further,c7deb0ad5a21_7,nightingale_0026,basset_0026,beetle_0026,woven_0026
further,c7deb0ad5a21_10,straight_0021,bluejay_0021,goldenretriever_0021,redsport_0021
further,c7deb0ad5a21_11,crow_0038,brown_0038,bullmastiff_0038,squat_0038
further,c7deb0ad5a21_15,bullmastiff_0027,brown_0027,crow_0027,squat_0027
further,c7deb0ad5a21_17,brown_0003,bullmastiff_0003,crow_0003,squat_0003
further,c7deb0ad5a21_18,redantique_0033,doberman_0033,inlay_0033,robin_0033
further,c7deb0ad5a21_19,redsport_0019,bluejay_0019,goldenretriever_0019,straight_0019
further,c7deb0ad5a21_21,squat_0018,brown_0018,bullmastiff_0018,crow_0018
further,c7deb0ad5a21_22,goldenretriever_0014,bluejay_0014,redsport_0014,straight_0014
further,c7deb0ad5a21_23,beetle_0035,basset_0035,nightingale_0035,woven_0035
further,c7deb0ad5a21_24,woven_0029,basset_0029,beetle_0029,nightingale_0029
further,c7deb0ad5a21_26,doberman_0009,inlay_0009,redantique_0009,robin_0009
further,c7deb0ad5a21_27,robin_0028,doberman_0028,inlay_0028,redantique_0028
further,c7deb0ad5a21_28,basset_0000,beetle_0000,nightingale_0000,woven_0000
further,c7deb0ad5a21_29,inlay_0012,doberman_0012,redantique_0012,robin_0012
further,c7deb0ad5a21_32,bluejay_0001,goldenretriever_0001,redsport_0001,straight_0001
further,9becfef19917_1,basset_0036,bluesport_0036,nightingale_0036,woven_0036
further,9becfef19917_2,straight_0013,bluejay_0013,bullmastiff_0013,redantique_0013
further,9becfef19917_3,bluejay_0011,bullmastiff_0011,redantique_0011,straight_0011
further,9becfef19917_4,woven_0020,basset_0020,bluesport_0020,nightingale_0020
further,9becfef19917_7,robin_0034,beetle_0034,bloodhound_0034,leather_0034
further,9becfef19917_8,weimaraner_0031,hatchback_0031,pigeon_0031,waiting_0031
further,9becfef19917_11,hatchback_0021,pigeon_0021,waiting_0021,weimaraner_0021
further,9becfef19917_12,redantique_0005,bluejay_0005,bullmastiff_0005,straight_0005
further,9becfef19917_16,bluesport_0015,basset_0015,nightingale_0015,woven_0015
further,9becfef19917_20,leather_0017,beetle_0017,bloodhound_0017,robin_0017
further,9becfef19917_21,nightingale_0019,basset_0019,bluesport_0019,woven_0019
further,9becfef19917_22,beetle_0007,bloodhound_0007,leather_0007,robin_0007
further,9becfef19917_27,bullmastiff_0016,bluejay_0016,redantique_0016,straight_0016
further,9becfef19917_28,waiting_0008,hatchback_0008,pigeon_0008,weimaraner_0008
further,9becfef19917_29,bloodhound_0027,beetle_0027,leather_0027,robin_0027
further,9becfef19917_30,pigeon_0035,hatchback_0035,waiting_0035,weimaraner_0035
further,6860f102553c_1,crow_0003,basset_0003,redantique_0003,squat_0003
further,6860f102553c_7,nightingale_0028,doberman_0028,hatchback_0028,leather_0028
further,6860f102553c_9,leather_0018,doberman_0018,hatchback_0018,nightingale_0018
further,6860f102553c_10,white_0008,bluejay_0008,knob_0008,pug_0008
further,6860f102553c_11,hatchback_0015,doberman_0015,leather_0015,nightingale_0015
further,6860f102553c_12,robin_0033,bloodhound_0033,bluesport_0033,straight_0033
further,6860f102553c_15,redantique_0027,basset_0027,crow_0027,squat_0027
further,6860f102553c_16,squat_0014,basset_0014,crow_0014,redantique_0014
further,6860f102553c_17,pug_0016,bluejay_0016,knob_0016,white_0016
further,6860f102553c_20,bloodhound_0007,bluesport_0007,robin_0007,straight_0007
further,6860f102553c_25,straight_0005,bloodhound_0005,bluesport_0005,robin_0005
further,6860f102553c_26,knob_0030,bluejay_0030,pug_0030,white_0030
further,6860f102553c_28,doberman_0002,hatchback_0002,leather_0002,nightingale_0002
further,6860f102553c_29,basset_0022,crow_0022,redantique_0022,squat_0022
further,6860f102553c_31,bluesport_0004,bloodhound_0004,robin_0004,straight_0004
further,6860f102553c_32,bluejay_0019,knob_0019,pug_0019,white_0019
further,4d08ec32315f_3,redsport_0019,nightingale_0019,sling_0019,weimaraner_0019
further,4d08ec32315f_4,sling_0003,nightingale_0003,redsport_0003,weimaraner_0003
further,4d08ec32315f_6,weimaraner_0009,nightingale_0009,redsport_0009,sling_0009
further,4d08ec32315f_7,waiting_0000,chihuahua_0000,cuckoo_0000,redantique_0000
further,4d08ec32315f_9,chihuahua_0001,cuckoo_0001,redantique_0001,waiting_0001
further,4d08ec32315f_15,doberman_0011,bluesport_0011,crow_0011,inlay_0011
further,4d08ec32315f_17,pug_0039,bluejay_0039,brown_0039,leather_0039
further,4d08ec32315f_19,inlay_0018,bluesport_0018,crow_0018,doberman_0018
further,4d08ec32315f_20,leather_0008,bluejay_0008,brown_0008,pug_0008
further,4d08ec32315f_21,crow_0014,bluesport_0014,doberman_0014,inlay_0014
further,4d08ec32315f_23,nightingale_0005,redsport_0005,sling_0005,weimaraner_0005
further,4d08ec32315f_26,bluejay_0030,brown_0030,leather_0030,pug_0030
further,4d08ec32315f_27,brown_0025,bluejay_0025,leather_0025,pug_0025
further,4d08ec32315f_29,bluesport_0022,crow_0022,doberman_0022,inlay_0022
further,4d08ec32315f_30,redantique_0029,chihuahua_0029,cuckoo_0029,waiting_0029
further,4d08ec32315f_32,cuckoo_0034,chihuahua_0034,redantique_0034,waiting_0034
further,fd593aa8a5d4_1,waiting_0020,brown_0020,crow_0020,goldenretriever_0020
further,fd593aa8a5d4_2,crow_0015,brown_0015,goldenretriever_0015,waiting_0015
further,fd593aa8a5d4_3,weimaraner_0001,bluesport_0001,robin_0001,straight_0001
further,fd593aa8a5d4_4,chihuahua_0002,bluesedan_0002,pigeon_0002,sling_0002
further,fd593aa8a5d4_5,pigeon_0027,bluesedan_0027,chihuahua_0027,sling_0027
further,fd593aa8a5d4_6,sling_0025,bluesedan_0025,chihuahua_0025,pigeon_0025
further,fd593aa8a5d4_11,robin_0018,bluesport_0018,straight_0018,weimaraner_0018
further,fd593aa8a5d4_14,doberman_0017,nightingale_0017,redantique_0017,woven_0017
further,fd593aa8a5d4_15,bluesedan_0036,chihuahua_0036,pigeon_0036,sling_0036
further,fd593aa8a5d4_17,woven_0031,doberman_0031,nightingale_0031,redantique_0031
further,fd593aa8a5d4_21,goldenretriever_0032,brown_0032,crow_0032,waiting_0032
further,fd593aa8a5d4_22,brown_0039,crow_0039,goldenretriever_0039,waiting_0039
further,fd593aa8a5d4_26,bluesport_0012,robin_0012,straight_0012,weimaraner_0012
further,fd593aa8a5d4_28,redantique_0009,doberman_0009,nightingale_0009,woven_0009
further,fd593aa8a5d4_30,nightingale_0034,doberman_0034,redantique_0034,woven_0034
further,fd593aa8a5d4_32,straight_0006,bluesport_0006,robin_0006,weimaraner_0006
further,2b254989f56a_5,chihuahua_0019,redantique_0019,straight_0019,tomtit_0019
further,2b254989f56a_6,straight_0016,chihuahua_0016,redantique_0016,tomtit_0016
further,2b254989f56a_9,hatchback_0033,nightingale_0033,squat_0033,weimaraner_0033
further,2b254989f56a_11,goldenretriever_0005,bluejay_0005,brown_0005,leather_0005
further,2b254989f56a_12,pigeon_0007,bluesedan_0007,pug_0007,woven_0007
further,2b254989f56a_14,squat_0038,hatchback_0038,nightingale_0038,weimaraner_0038
further,2b254989f56a_16,nightingale_0003,hatchback_0003,squat_0003,weimaraner_0003
further,2b254989f56a_18,pug_0023,bluesedan_0023,pigeon_0023,woven_0023
further,2b254989f56a_20,redantique_0011,chihuahua_0011,straight_0011,tomtit_0011
further,2b254989f56a_21,woven_0034,bluesedan_0034,pigeon_0034,pug_0034
further,2b254989f56a_22,bluejay_0036,brown_0036,goldenretriever_0036,leather_0036
further,2b254989f56a_24,brown_0001,bluejay_0001,goldenretriever_0001,leather_0001
further,2b254989f56a_25,leather_0039,bluejay_0039,brown_0039,goldenretriever_0039
further,2b254989f56a_27,bluesedan_0004,pigeon_0004,pug_0004,woven_0004
further,2b254989f56a_29,tomtit_0022,chihuahua_0022,redantique_0022,straight_0022
further,2b254989f56a_30,weimaraner_0009,hatchback_0009,nightingale_0009,squat_0009
further,18402825b54f_2,squat_0002,bloodhound_0002,crow_0002,redsport_0002
further,18402825b54f_6,leather_0022,redantique_0022,robin_0022,weimaraner_0022
further,18402825b54f_7,hatchback_0005,cuckoo_0005,doberman_0005,woven_0005
further,18402825b54f_11,robin_0003,leather_0003,redantique_0003,weimaraner_0003
further,18402825b54f_12,woven_0009,cuckoo_0009,doberman_0009,hatchback_0009
further,18402825b54f_13,redantique_0011,leather_0011,robin_0011,weimaraner_0011
further,18402825b54f_14,knob_0030,beetle_0030,pug_0030,tomtit_0030
further,18402825b54f_17,pug_0024,beetle_0024,knob_0024,tomtit_0024
further,18402825b54f_19,beetle_0018,knob_0018,pug_0018,tomtit_0018
further,18402825b54f_20,redsport_0038,bloodhound_0038,crow_0038,squat_0038
further,18402825b54f_22,crow_0015,bloodhound_0015,redsport_0015,squat_0015
further,18402825b54f_24,doberman_0033,cuckoo_0033,hatchback_0033,woven_0033
further,18402825b54f_27,cuckoo_0020,doberman_0020,hatchback_0020,woven_0020
further,18402825b54f_29,bloodhound_0006,crow_0006,redsport_0006,squat_0006
further,18402825b54f_30,weimaraner_0010,leather_0010,redantique_0010,robin_0010
further,18402825b54f_31,tomtit_0026,beetle_0026,knob_0026,pug_0026
further,a01b8135ab19_1,inlay_0016,bluejay_0016,bluesedan_0016,weimaraner_0016
further,a01b8135ab19_2,weimaraner_0007,bluejay_0007,bluesedan_0007,inlay_0007
further,a01b8135ab19_3,bluesedan_0001,bluejay_0001,inlay_0001,weimaraner_0001
further,a01b8135ab19_4,nightingale_0020,knob_0020,pug_0020,redantique_0020
further,a01b8135ab19_6,redsport_0035,crow_0035,goldenretriever_0035,woven_0035
further,a01b8135ab19_8,redantique_0029,knob_0029,nightingale_0029,pug_0029
further,a01b8135ab19_13,hatchback_0038,doberman_0038,pigeon_0038,waiting_0038
further,a01b8135ab19_14,pug_0017,knob_0017,nightingale_0017,redantique_0017
further,a01b8135ab19_15,crow_0013,goldenretriever_0013,redsport_0013,woven_0013
further,a01b8135ab19_20,waiting_0023,doberman_0023,hatchback_0023,pigeon_0023
further,a01b8135ab19_21,knob_0039,nightingale_0039,pug_0039,redantique_0039
further,a01b8135ab19_25,pigeon_0022,doberman_0022,hatchback_0022,waiting_0022
further,a01b8135ab19_26,doberman_0031,hatchback_0031,pigeon_0031,waiting_0031
further,a01b8135ab19_28,bluejay_0024,bluesedan_0024,inlay_0024,weimaraner_0024
further,a01b8135ab19_29,woven_0028,crow_0028,goldenretriever_0028,redsport_0028
further,a01b8135ab19_30,goldenretriever_0012,crow_0012,redsport_0012,woven_0012
further,3cdd233debe7_1,redsport_0036,chihuahua_0036,sparrow_0036,straight_0036
further,3cdd233debe7_4,robin_0005,basset_0005,beetle_0005,waiting_0005
further,3cdd233debe7_6,sparrow_0030,chihuahua_0030,redsport_0030,straight_0030
further,3cdd233debe7_7,bluejay_0038,bluesport_0038,goldenretriever_0038,leather_0038
further,3cdd233debe7_9,bluesedan_0031,bullmastiff_0031,knob_0031,nightingale_0031
further,3cdd233debe7_11,knob_0004,bluesedan_0004,bullmastiff_0004,nightingale_0004
further,3cdd233debe7_12,goldenretriever_0020,bluejay_0020,bluesport_0020,leather_0020
further,3cdd233debe7_13,nightingale_0025,bluesedan_0025,bullmastiff_0025,knob_0025
further,3cdd233debe7_14,bluesport_0035,bluejay_0035,goldenretriever_0035,leather_0035
further,3cdd233debe7_20,leather_0013,bluejay_0013,bluesport_0013,goldenretriever_0013
further,3cdd233debe7_22,waiting_0021,basset_0021,beetle_0021,robin_0021
further,3cdd233debe7_23,basset_0018,beetle_0018,robin_0018,waiting_0018
further,3cdd233debe7_26,beetle_0017,basset_0017,robin_0017,waiting_0017
further,3cdd233debe7_28,straight_0034,chihuahua_0034,redsport_0034,sparrow_0034
further,3cdd233debe7_29,chihuahua_0027,redsport_0027,sparrow_0027,straight_0027
further,3cdd233debe7_30,bullmastiff_0012,bluesedan_0012,knob_0012,nightingale_0012
further,ee9f094dd790_2,basset_0020,bluesport_0020,leather_0020,sparrow_0020
further,ee9f094dd790_3,straight_0001,pigeon_0001,pug_0001,redsport_0001
further,ee9f094dd790_5,bluesport_0019,basset_0019,leather_0019,sparrow_0019
further,ee9f094dd790_7,robin_0022,goldenretriever_0022,hatchback_0022,knob_0022
further,ee9f094dd790_11,redantique_0002,bullmastiff_0002,crow_0002,inlay_0002
further,ee9f094dd790_12,leather_0028,basset_0028,bluesport_0028,sparrow_0028
further,ee9f094dd790_14,sparrow_0026,basset_0026,bluesport_0026,leather_0026
further,ee9f094dd790_16,pigeon_0004,pug_0004,redsport_0004,straight_0004
further,ee9f094dd790_18,inlay_0021,bullmastiff_0021,crow_0021,redantique_0021
further,ee9f094dd790_19,bullmastiff_0037,crow_0037,inlay_0037,redantique_0037
further,ee9f094dd790_22,hatchback_0027,goldenretriever_0027,knob_0027,robin_0027
further,ee9f094dd790_23,knob_0016,goldenretriever_0016,hatchback_0016,robin_0016
further,ee9f094dd790_27,goldenretriever_0033,hatchback_0033,knob_0033,robin_0033
further,ee9f094dd790_28,redsport_0014,pigeon_0014,pug_0014,straight_0014
further,ee9f094dd790_29,crow_0005,bullmastiff_0005,inlay_0005,redantique_0005
further,ee9f094dd790_30,pug_0034,pigeon_0034,redsport_0034,straight_0034
further,7c0e90628426_1,bullmastiff_0029,bluesedan_0029,pigeon_0029,squat_0029
further,7c0e90628426_3,pigeon_0010,bluesedan_0010,bullmastiff_0010,squat_0010
further,7c0e90628426_4,white_0038,sparrow_0038,waiting_0038,weimaraner_0038
further,7c0e90628426_5,redsport_0021,basset_0021,leather_0021,robin_0021
further,7c0e90628426_7,weimaraner_0030,sparrow_0030,waiting_0030,white_0030
further,7c0e90628426_9,bluesedan_0018,bullmastiff_0018,pigeon_0018,squat_0018
further,7c0e90628426_12,basset_0007,leather_0007,redsport_0007,robin_0007
further,7c0e90628426_13,chihuahua_0039,brown_0039,cuckoo_0039,woven_0039
further,7c0e90628426_14,cuckoo_0034,brown_0034,chihuahua_0034,woven_0034
further,7c0e90628426_15,robin_0008,basset_0008,leather_0008,redsport_0008
further,7c0e90628426_17,brown_0006,chihuahua_0006,cuckoo_0006,woven_0006
further,7c0e90628426_18,leather_0012,basset_0012,redsport_0012,robin_0012
further,7c0e90628426_20,sparrow_0004,waiting_0004,weimaraner_0004,white_0004
further,7c0e90628426_23,woven_0009,brown_0009,chihuahua_0009,cuckoo_0009
further,7c0e90628426_27,waiting_0023,sparrow_0023,weimaraner_0023,white_0023
further,7c0e90628426_32,squat_0025,bluesedan_0025,bullmastiff_0025,pigeon_0025
further,f2709da1f958_2,squat_0020,basset_0020,brown_0020,pigeon_0020
further,f2709da1f958_3,goldenretriever_0027,bluejay_0027,bluesedan_0027,waiting_0027
further,f2709da1f958_4,pigeon_0018,basset_0018,brown_0018,squat_0018
further,f2709da1f958_5,bloodhound_0012,cuckoo_0012,hatchback_0012,straight_0012
further,f2709da1f958_7,cuckoo_0026,bloodhound_0026,hatchback_0026,straight_0026
further,f2709da1f958_11,inlay_0033,chihuahua_0033,redsport_0033,sparrow_0033
further,f2709da1f958_13,sparrow_0001,chihuahua_0001,inlay_0001,redsport_0001
further,f2709da1f958_14,waiting_0029,bluejay_0029,bluesedan_0029,goldenretriever_0029
further,f2709da1f958_17,basset_0007,brown_0007,pigeon_0007,squat_0007
further,f2709da1f958_18,chihuahua_0010,inlay_0010,redsport_0010,sparrow_0010
further,f2709da1f958_19,bluejay_0005,bluesedan_0005,goldenretriever_0005,waiting_0005
further,f2709da1f958_25,straight_0015,bloodhound_0015,cuckoo_0015,hatchback_0015
further,f2709da1f958_26,hatchback_0034,bloodhound_0034,cuckoo_0034,straight_0034
further,f2709da1f958_28,redsport_0028,chihuahua_0028,inlay_0028,sparrow_0028
further,f2709da1f958_29,bluesedan_0021,bluejay_0021,goldenretriever_0021,waiting_0021
further,f2709da1f958_31,brown_0003,basset_0003,pigeon_0003,squat_0003
further,385474deebcf_1,inlay_0035,doberman_0035,redantique_0035,tomtit_0035
further,385474deebcf_2,squat_0024,redsport_0024,sparrow_0024,weimaraner_0024
further,385474deebcf_4,weimaraner_0012,redsport_0012,sparrow_0012,squat_0012
further,385474deebcf_6,sling_0015,basset_0015,beetle_0015,robin_0015
further,385474deebcf_11,basset_0008,beetle_0008,robin_0008,sling_0008
further,385474deebcf_12,redantique_0039,doberman_0039,inlay_0039,tomtit_0039
further,385474deebcf_15,bullmastiff_0036,bluesedan_0036,crow_0036,woven_0036
further,385474deebcf_17,bluesedan_0005,bullmastiff_0005,crow_0005,woven_0005
further,385474deebcf_20,crow_0029,bluesedan_0029,bullmastiff_0029,woven_0029
further,385474deebcf_21,sparrow_0009,redsport_0009,squat_0009,weimaraner_0009
further,385474deebcf_22,beetle_0025,basset_0025,robin_0025,sling_0025
further,385474deebcf_25,redsport_0031,sparrow_0031,squat_0031,weimaraner_0031
further,385474deebcf_26,tomtit_0033,doberman_0033,inlay_0033,redantique_0033
further,385474deebcf_29,woven_0030,bluesedan_0030,bullmastiff_0030,crow_0030
further,385474deebcf_30,robin_0001,basset_0001,beetle_0001,sling_0001
further,385474deebcf_32,doberman_0018,inlay_0018,redantique_0018,tomtit_0018
further,9b037e0cc76e_1,bloodhound_0036,bluejay_0036,redsport_0036,squat_0036
further,9b037e0cc76e_3,goldenretriever_0018,bluesedan_0018,crow_0018,woven_0018
further,9b037e0cc76e_6,bluejay_0009,bloodhound_0009,redsport_0009,squat_0009
further,9b037e0cc76e_10,white_0002,bullmastiff_0002,inlay_0002,tomtit_0002
further,9b037e0cc76e_11,tomtit_0037,bullmastiff_0037,inlay_0037,white_0037
further,9b037e0cc76e_12,redsport_0014,bloodhound_0014,bluejay_0014,squat_0014
further,9b037e0cc76e_13,redantique_0028,chihuahua_0028,robin_0028,straight_0028
further,9b037e0cc76e_14,squat_0021,bloodhound_0021,bluejay_0021,redsport_0021
further,9b037e0cc76e_15,robin_0035,chihuahua_0035,redantique_0035,straight_0035
further,9b037e0cc76e_17,chihuahua_0025,redantique_0025,robin_0025,straight_0025
further,9b037e0cc76e_18,woven_0027,bluesedan_0027,crow_0027,goldenretriever_0027
further,9b037e0cc76e_19,crow_0033,bluesedan_0033,goldenretriever_0033,woven_0033
further,9b037e0cc76e_21,bluesedan_0023,crow_0023,goldenretriever_0023,woven_0023
further,9b037e0cc76e_24,straight_0015,chihuahua_0015,redantique_0015,robin_0015
further,9b037e0cc76e_25,bullmastiff_0003,inlay_0003,tomtit_0003,white_0003
further,9b037e0cc76e_30,inlay_0011,bullmastiff_0011,tomtit_0011,white_0011
further,7eb764377141_1,pug_0011,cuckoo_0011,knob_0011,redantique_0011
further,7eb764377141_6,inlay_0037,bluesedan_0037,bullmastiff_0037,crow_0037
further,7eb764377141_8,straight_0009,bloodhound_0009,bluesport_0009,robin_0009
further,7eb764377141_9,bloodhound_0018,bluesport_0018,robin_0018,straight_0018
further,7eb764377141_10,leather_0004,doberman_0004,pigeon_0004,redsport_0004
further,7eb764377141_14,bullmastiff_0028,bluesedan_0028,crow_0028,inlay_0028
further,7eb764377141_16,crow_0007,bluesedan_0007,bullmastiff_0007,inlay_0007
further,7eb764377141_17,bluesedan_0013,bullmastiff_0013,crow_0013,inlay_0013
further,7eb764377141_19,cuckoo_0036,knob_0036,pug_0036,redantique_0036
further,7eb764377141_20,redantique_0025,cuckoo_0025,knob_0025,pug_0025
further,7eb764377141_21,doberman_0002,leather_0002,pigeon_0002,redsport_0002
further,7eb764377141_24,redsport_0017,doberman_0017,leather_0017,pigeon_0017
further,7eb764377141_26,robin_0015,bloodhound_0015,bluesport_0015,straight_0015
further,7eb764377141_28,bluesport_0034,bloodhound_0034,robin_0034,straight_0034
further,7eb764377141_31,knob_0016,cuckoo_0016,pug_0016,redantique_0016
further,7eb764377141_32,pigeon_0008,doberman_0008,leather_0008,redsport_0008
further,a0a49490e336_3,leather_0036,hatchback_0036,pug_0036,tomtit_0036
further,a0a49490e336_5,bloodhound_0027,bluesport_0027,robin_0027,sling_0027
further,a0a49490e336_7,tomtit_0003,hatchback_0003,leather_0003,pug_0003
further,a0a49490e336_9,sling_0028,bloodhound_0028,bluesport_0028,robin_0028
further,a0a49490e336_14,crow_0024,chihuahua_0024,waiting_0024,white_0024
further,a0a49490e336_16,knob_0000,basset_0000,bluejay_0000,redsport_0000
further,a0a49490e336_18,hatchback_0002,leather_0002,pug_0002,tomtit_0002
further,a0a49490e336_19,white_0004,chihuahua_0004,crow_0004,waiting_0004
further,a0a49490e336_22,bluejay_0022,basset_0022,knob_0022,redsport_0022
further,a0a49490e336_24,redsport_0017,basset_0017,bluejay_0017,knob_0017
further,a0a49490e336_25,bluesport_0019,bloodhound_0019,robin_0019,sling_0019
further,a0a49490e336_26,basset_0010,bluejay_0010,knob_0010,redsport_0010
further,a0a49490e336_27,chihuahua_0038,crow_0038,waiting_0038,white_0038
further,a0a49490e336_28,pug_0006,hatchback_0006,leather_0006,tomtit_0006
further,a0a49490e336_30,robin_0025,bloodhound_0025,bluesport_0025,sling_0025
further,a0a49490e336_32,waiting_0031,chihuahua_0031,crow_0031,white_0031
further,08d14ece0224_3,pug_0030,brown_0030,nightingale_0030,squat_0030
further,08d14ece0224_4,white_0008,chihuahua_0008,inlay_0008,tomtit_0008
further,08d14ece0224_5,squat_0025,brown_0025,nightingale_0025,pug_0025
further,08d14ece0224_6,sparrow_0027,bloodhound_0027,leather_0027,redsport_0027
further,08d14ece0224_7,inlay_0036,chihuahua_0036,tomtit_0036,white_0036
further,08d14ece0224_13,bloodhound_0019,leather_0019,redsport_0019,sparrow_0019
further,08d14ece0224_14,redsport_0039,bloodhound_0039,leather_0039,sparrow_0039
further,08d14ece0224_15,bluejay_0035,beetle_0035,bullmastiff_0035,sling_0035
further,08d14ece0224_17,tomtit_0017,chihuahua_0017,inlay_0017,white_0017
further,08d14ece0224_18,brown_0001,nightingale_0001,pug_0001,squat_0001
further,08d14ece0224_19,leather_0021,bloodhound_0021,redsport_0021,sparrow_0021
further,08d14ece0224_21,beetle_0000,bluejay_0000,bullmastiff_0000,sling_0000
further,08d14ece0224_22,chihuahua_0031,inlay_0031,tomtit_0031,white_0031
further,08d14ece0224_26,sling_0014,beetle_0014,bluejay_0014,bullmastiff_0014
further,08d14ece0224_29,nightingale_0037,brown_0037,pug_0037,squat_0037
further,08d14ece0224_32,bullmastiff_0004,beetle_0004,bluejay_0004,sling_0004
further,8bc5a7d639a0_4,straight_0013,basset_0013,crow_0013,redsport_0013
further,8bc5a7d639a0_6,pigeon_0018,hatchback_0018,knob_0018,pug_0018
further,8bc5a7d639a0_8,bluesport_0011,chihuahua_0011,inlay_0011,sparrow_0011
further,8bc5a7d639a0_9,inlay_0022,bluesport_0022,chihuahua_0022,sparrow_0022
further,8bc5a7d639a0_10,weimaraner_0039,beetle_0039,cuckoo_0039,leather_0039
further,8bc5a7d639a0_11,basset_0017,crow_0017,redsport_0017,straight_0017
further,8bc5a7d639a0_12,crow_0012,basset_0012,redsport_0012,straight_0012
further,8bc5a7d639a0_13,beetle_0006,cuckoo_0006,leather_0006,weimaraner_0006
further,8bc5a7d639a0_14,hatchback_0016,knob_0016,pigeon_0016,pug_0016
further,8bc5a7d639a0_15,knob_0004,hatchback_0004,pigeon_0004,pug_0004
further,8bc5a7d639a0_16,chihuahua_0002,bluesport_0002,inlay_0002,sparrow_0002
further,8bc5a7d639a0_17,cuckoo_0029,beetle_0029,leather_0029,weimaraner_0029
further,8bc5a7d639a0_25,pug_0014,hatchback_0014,knob_0014,pigeon_0014
further,8bc5a7d639a0_26,redsport_0023,basset_0023,crow_0023,straight_0023
further,8bc5a7d639a0_28,leather_0009,beetle_0009,cuckoo_0009,weimaraner_0009
further,8bc5a7d639a0_31,sparrow_0035,bluesport_0035,chihuahua_0035,inlay_0035
further,ac5a2e8b225b_1,knob_0018,goldenretriever_0018,redsport_0018,tomtit_0018
further,ac5a2e8b225b_3,tomtit_0008,goldenretriever_0008,knob_0008,redsport_0008
further,ac5a2e8b225b_4,bloodhound_0002,redantique_0002,robin_0002,straight_0002
further,ac5a2e8b225b_6,redsport_0011,goldenretriever_0011,knob_0011,tomtit_0011
further,ac5a2e8b225b_7,redantique_0009,bloodhound_0009,robin_0009,straight_0009
further,ac5a2e8b225b_8,straight_0016,bloodhound_0016,redantique_0016,robin_0016
further,ac5a2e8b225b_9,waiting_0026,basset_0026,brown_0026,sparrow_0026
further,ac5a2e8b225b_12,robin_0028,bloodhound_0028,redantique_0028,straight_0028
further,ac5a2e8b225b_14,brown_0001,basset_0001,sparrow_0001,waiting_0001
further,ac5a2e8b225b_19,sparrow_0023,basset_0023,brown_0023,waiting_0023
further,ac5a2e8b225b_20,woven_0032,beetle_0032,crow_0032,weimaraner_0032
further,ac5a2e8b225b_22,crow_0017,beetle_0017,weimaraner_0017,woven_0017
further,ac5a2e8b225b_23,goldenretriever_0013,knob_0013,redsport_0013,tomtit_0013
further,ac5a2e8b225b_25,beetle_0030,crow_0030,weimaraner_0030,woven_0030
further,ac5a2e8b225b_28,basset_0007,brown_0007,sparrow_0007,waiting_0007
further,ac5a2e8b225b_31,weimaraner_0003,beetle_0003,crow_0003,woven_0003
